"id","title","level","raw_community","relationship_ids","text_unit_ids"
"3","Community 3",0,"3","['ac6e5a44e0c04a4fa93589376fde4c34' '40e4ef7dbc98473ba311bd837859a62a'
 '222f0ea8a5684123a7045986640ec844' '668cf1fdfd644d39acc6350b86117ea2'
 '478e4c72d8fb46dd8cc9f0691c9878fd' '82b0446e7c9d4fc793f7b97f890e9049'
 '8169efeea3ce473d9fd2f1c688126a1c' 'c2d48b75af6a4d7989ccf9eceabd934e'
 '5f1fc373a8f34050a5f7dbd8ac852c1b' '0c010fa3aeac4b28b2fbb8c2339c2521'
 'c2999bdca08a478b84b10219875b285e' '263d07354a1b4336b462024288f9bcd3'
 'f9005e5c01b44bb489f7112322fd1162' 'd9ef017549724f4fbc4ff4ba6701dac0'
 '33b9e826af3f43838c07c847b6349497' 'dbe9063124d047dc8d6fcaeadcda038f'
 'c885166d0c454a748376b56279f96408' '586bccefb1e344289c1ee984e165de9c'
 'a2201b8753ba4847ab0b22054e27d2c0' 'b5ecd0553dd742f5813c9b855d548a41'
 '89b2003e97804961805ea1886d078ebd' '6dd7f5f6b4544271a97f6a136f82fc3d'
 'eb01db8435554f2cbafe39a50f62f20a' '3d175ad1f0014cd4871eff4e86db9f88'
 'c8e706fbdc90420d952deed03c4f04b4' 'cf6115e69d6649cc99ef2bd11854ccfb'
 '9ed7e3d187b94ab0a90830b17d66615e' 'b4c7432f712849d7aba9dccbb77471ef'
 '434e752b992c4e6a812557529315c5b9' 'df79a27b9a4f42fd839c90bb8a79ad91'
 '8f140fd7126f47b6b00307b0181509f9' '40450f2c91944a81944621b94f190b49'
 '5b9fa6a959294dc29c8420b2d7d3096f' 'b84d71ed9c3b45819eb3205fd28e13a0'
 'b0b464bc92a541e48547fe9738378dab' '44c65dda6fb7472dae36f6eea720ab47'
 '5d97ff82691c4482973d73d1860e4757' '2567445079794d1e84f17abc48776002'
 '392be891f8b649fabdc20e7bf549f669' '0111777c4e9e4260ab2e5ddea7cbcf58'
 '785f7f32471c439e89601ab81c828d1d' '6768339b54084020aec27adcef8994ff'
 'f09f381c319f4251847d1a4bb8cdcac1' 'eec11f567e7f4943b157c3a657eb9a46'
 'efef117839b64ce9adf614a461d41ba6' '2171091ada0942d8ae7944df11659f6e'
 'bcfdc48e5f044e1d84c5d217c1992d4b' 'b232fb0f2ac14790b931d1e7fcddd8ad'
 '1c16b22e18d3483b8d41b284754274e2' '0080f96708cd4054a5f0986ca86889f4'
 'e683130322ac47708a852a5e51abb7c5' '71a0a8c1beb64da08124205e9a803d98'
 'f84314943bee4c859c9a62f268c9c216' 'ba481175ee1d4329bf07757a30abd3a1'
 '8d8da35190bf43c5878fa38f3eb4f3d2' '2fb7e14a3f124526bd7b24867fc18e81'
 '5c13c7d61e6c4bfe839f21e7ad3530a7' 'a621663edba64d99b7e50f1e53f32ee7'
 '42be4e140061482ea509dd3e26189480' '4da4ef951ff340f1a3dd679de4be3341'
 '2f05fcce857e4a499ca4e89a3cefbcb3' 'b3aeb7ae009a4f52ae3ae4586e32fe11'
 '089b9b9841714b8da043777e2cda3767' '38f1e44579d0437dac1203c34678d3c3'
 '1ca24718a96b47f3a8855550506c4b41' '9c980dfe3cab44b7a83408405edab0b6'
 'f23484b1b45d44c3b7847e1906dddd37' '929f30875e1744b49e7b416eaf5a790c'
 '4920fda031804ce8a1073ace8e061ed6' '4b8aa4587c7344adac2cbfa69d5e40fa'
 '52701d941dfb45359693baae8f267056' '31499ee6277a4d71b19cb5b6be554c69'
 'd99eabad5dfd47278692569d2a9395b1' 'd53f15cb7f7845de91cc44ad44ff9f6e'
 '23becf8c6fca4f47a53ec4883d4bf63f' 'd0ffa3bcd1234258953ff4956d19f561'
 'ac41b77ba33c4c84877eb425aba03aa1' '5d3184dabfd647a5a7e565f72c60ff24'
 '0ec262c2cfef4dd581f3655e5e496e31' '100c2fccd7f74d9281707082f062ba72'
 '378fc7636eeb4aabbfd40995a6960c64' '80a04aa18cd649d584292f23b10c0727'
 '4e9ca18ccc1d4527a3bc035d07f5e162' '5564257e89f1428486a64fcf52f49490'
 '83c76fbd2a004d90a5b0a6736ffed61d' 'd9779c41e3c74fe0b26e23822a4b995b'
 '9d7a563b3b2d405092c31f1fe08cff77' 'bd43f3d439a54781bd4b721a9a269b92'
 'adc0f95733e74351a891c4dadf650a52' '225105a7be14447cb03186bd40756059'
 'efce8a9d61254447a26aee99e53f0398' '4a75a9f0b18a48bea9c0601c0fc395c4'
 'e19287afe00a431f9a593a4827d1b448' 'f2c06f3a0c704296bf3353b91ee8af47'
 'f512103ed4624accac6cbbf90d7d250a' '2325dafe50d1435cbee8ebcaa69688df'
 '469aeef98cd1421fa123277b93d7b83a' '2fb66f9a0de6406d83b61742a3b52cd6'
 'b0e6cfd979ea48b997019b059999d3c2' 'ef00ec3a324f4f5986141401002af3f6'
 'a542fd7aed7341468028928937ea2983' '1c5e296a5ac541c1b5cac4357537c22d'
 '5ecf534a9ffe46e0b1c2144110c691c0' '4d183e7007624fcd98af96b9d752c16d'
 '718c507cb8ac49e6a35c251ac951b5ca' 'b45ef27279c043269b23b894461d7d8c'
 '10983a248cc448c59c94df4d1d0898f0' 'e2ec7d3cdbeb4dd086ae6eb399332363'
 '67f10971666240ea930f3b875aabdc1a' '8b95083939ad4771b57a97c2d5805f36'
 '3c4062de44d64870a3cc5913d5769244' '24652fab20d84381b112b8491de2887e'
 'd4602d4a27b34358baa86814a3836d68' '36be44627ece444284f9e759b8cd25c6'
 'a64b4b17b07a44e4b1ac33580d811936' '423b72bbd56f4caa98f3328202c1c3c9'
 '5c7ef01f46a94641bf1ae5cd25f8a538' 'aefde1f7617f4c0e9aed31db77f6d862'
 'ad52ba79a84748a49067e53b1d5095f9' '289616058bf4495887292003b27ba216'
 '7ffa3a064bce468082739c5a164df5a3' 'ce36d1d637cf4a4e93f5e37ffbc6bd76'
 'eeb9c02c0efa4131b9e95d33c31019fc' '7b2472c5dd9949c58828413387b94659'
 'bdddcb17ba6c408599dd395ce64f960a' 'bc70fee2061541148833d19e86f225b3'
 '0fc15cc3b44c4142a770feb4c037a6f7' 'a24e9df02e1b4b43bf6324b039e28285'
 'ab3a5a6713244fd595a1ace978c3d960' '02a88c0d128e4586b2f1f64329786d3c'
 '1ca41537c47c4752a17a44d1d7086d96' '7e0d14ca308b4796bdc675a64bd3a36e'
 '8323efc8e539419e9ca3c98e758f6609' 'a80c7c98c0b647f8b9f6f8cc09168e44'
 '2d66a15939294d21b83b3e277f0a4e46' '47f6d6573cf34e1096c95e36251dd60c'
 '2fbd74d5ccca4be99c5257b3ac95cfba' 'a2b1621a3e424ae29a6a73f00edbeca3'
 'ec45e1c400654c4f875046926486ded7' '047cd93e9d704c7d8dadb6e79f9458df'
 '5b71ee73a5b6484495b2a0a75219426c' 'e1f524d4b9754ce2b64a0a4c8f73b854'
 'ae1fe1c014c54ec4bcdf10dbdaed5068' '92646910ee624bd7909fac2b5c0232e3'
 '05913bee89a94bca88449249e35ba74d' '57b8930790c34dcba4a32c6be703ed78'
 '838c4498bc3c437f8d65428b580766a2' '1b893f24eb98477aad6ce49c0f26737e'
 '6573bc2af4f94596a3f4452a602d6fc4' '0dddcca0e5df4b16bc03a51a2d2d8e16'
 'df40ad480a3c47299a6c8fad05349304' 'fe98fb197d294b0b837aee8d5a98dfb1'
 'feb9ddd0ac2949178f26a36949aa5422' 'b4e4fa2e3dfc46e68d532d659b18d17d'
 'f58813d090b947a48c1b4614b92c3ec3' '30a251bc3d04430d82b5a1a98c7b8c75'
 '93e1d19f9bfa4c6b8962d56d10ea9483' '8046335ba70b434aa3188392a746fd78'
 '5c02b1ab32064c64a0f8b27b219e358a' 'c5f77ba0c261408780db3d50346f16b7'
 '453ecf5476f64f4a8d5020b95baf1314' '6a1d83c9ce2b483dbd7de5ab3ae2487d'
 '66c3dffb7d7a4fa8bb6b48a22ca917a6' '6f3dd1fd6d7f4df4af0656ed0525c92e'
 '711eb39432794b0a91110358dd536517' '0e00585b08044954a254116665400463'
 'db0147eff2204a20b5e5e6bec7a8bae5' '67bb4f4678284819add02ba04f3b1103'
 '2033ec0487f04240abb3bdbe77b39087' 'f197d75f159943f8a3ff441199790bc7'
 '4d8890c699684c9381105b03b0b41b03' 'b1658adfa43847eabad1437db235e858'
 'a1773cac7d4c4939aec965660e5015fe' '6a054cb59fb44cf494b93988b5f88833'
 'e7b103a52e384e3e8bf14105223e7e82' '3f1042452c254cecaf7189e89162adc8'
 'fd31d549420744d1bd1a6b1112a9a6ba' 'bada987ea7da4c939393ee1c3d08ccd4'
 'd0a274e7934d446fb91847bb53a961a6' '0a799eab61bc4e6b884db6689f9c2c4a'
 'c6f428af0c5e4f629902fd5455bf19ac' 'd1fd271d16c348019c2fcced762b35a2'
 'ffa128c9c0c84d39bad1bba8cfa4adc5' '058f66cc356b43cc9433bd3c8d57fa46'
 'ff74091eaba246698fcae59c21eec828' 'f6cbbf1b8f4b48a28a16e4dd8976b9bb'
 '757ca40654d5476aa949a26b733be8d4' '6b49c78aa1524609ab7aa74aeaa3e01d'
 '7ff31ce54f424f0bbb297b0b3ba7c757' '81446ea789b24eaf9eab02dc07c3d984'
 'de04830d6e414fd5b39a9e90769d9452' '69db426b97714835bf4937180774787a'
 '9c7bc862339d4a5bb21ee5154d9b33bb' '17bad53a0ebe4569839e5e151ff78593'
 '53d98f08e7c74158b7318357b6c660b3' 'cd601f77419c403889aadeee591915b5'
 '0f564ebd53e940fba9d16674ac7bc038' '7deb75816e4f473480e0c79ae99b5bf4'
 '7f85b181f1184f77aeb3ea2155cf4027' 'd148b2b2033048618f1a090a492a40a5'
 '4d839a10353e4144a26563b0966721d5' '521a862bb196488389f17c0b0f4b6f4d'
 '22ea3328fb6343f4ad2862495ea27640' '3f9a2a2c1c0a424e8b4980ea9d48bdbe'
 'aa2ec452728a4703ae1bdabe85b6c079' 'c5ddb31e0a9c4b2683e4631283dd505b'
 '07d8eeb549044ac88d2e788c146a0ef1' '47df2815030c4f1c99facd5cf2482526'
 'ae521508bdc244f99c4fce4ab5214c79' '6315b4bf135c40358823ed7e4e4060e2'
 '33905debec1a45ecae1c65daac1d854c' 'bfbe904780fe47daad1a04126b12923c'
 '0614f00e932c4cd0b53928053811ebc1' '9ef487dd0b574b108c60a56d6a2f146c'
 '4067269e7f6943cdbc299ce02b7eadbd' '094a736ba43c4da48c556437f47f88d1'
 'd59b49eb94ce442d89907e90c5d3a44e' 'fae3fe31deb141ab93143ac411f1eaaa'
 'fd139ac75b0e4777ab67b7423eaaa37f' '5a781604f1fb4719b730f43f534627f6'
 '9d282b2250f7408888504f1f93c202a8' 'e8868920e21b4431aad16e86db977ecb'
 'cde2d75c51d245879265b79d14b8699b' 'de25d06733d04385825ee082792f5e52'
 'c68893ca39d74ba08c6eb138f24441e1' '6fefb317687d4ac98efe39a52f3e190f'
 'f127fc4d87f94794be89134406ba0694' '3076f330d121489aa50964ce54a3b1ac'
 'c8e5d3afdcb54c8589e280f0c4a87417' 'f3d30627e19245649e497ab49bf0fa30'
 'dcb3f4cc8abc46faabc193d9885e91d0' '3295be59128d451bb720c6688adc1e0b'
 '1f7b02bf486e4f42b23e9cb1a63207f3' '71f95003936e46a98d90757ffd845d40'
 '563c2af32bb3476299e9b24a646097ab' 'be4820f29fd942b282049fa49697b4ed'
 'b4c4354c8edb40db984942799fe0c8b1']","['00c1dcf4a73ec87361bbad662f2cea7d,027d7b5025667133971f6666863353fd,04025c260b3a737ebba61e7f9b20ea49,0fdea9c62dd3ed9b98de44392d728454,1437aec87cb0992578b65b1147734e1d,19ed1f909ae57e0ac4e8d54d19c03ece,1b14ef8cb8f0c21aee065c204aff83e8,270fffd7af538ddc9b36416a31b4387d,2938825be3acef4e48f6a3974fd79411,31aa0e52f79f3df978e23a3920d67ef5,339c80c45879b81d470b2aeba937bad3,3c598dc0ef76abb38a3bbf4f9cf29486,3fb3cba692c8c0bbb0b58c8c5203cd69,44ac681cd93e3e38548ea7f0179f021e,46062a85a4568aafcd4ec93d8ffddfbf,4d1d0b74245018830253e1ff0127f609,4eb88e28e8dc360b463722c873636590,4fcfb80986f58dc6460db6413dd5bb73,525389164d86035a6bb1eceda2baec21,57eadb894e9bd9d59d93c19ab0613bf6,59e8844135d3a8506b3a141246fdca88,5a970563a73deeb556be44feb1f2b00f,5de2e6d436c369fdb5a7089e8a144b89,5e1c302445bd27302c342e6dd69cdb91,6330005eb0642edfe30cfe9d96d0b47f,666cdc98b7574ee6e7ad89209eab1ed0,69ebdc63af25394c5554e2d5ecb3bdb9,6a8fdb1e4d61b7c81c9477d92eefa583,7343c1b88dff669bbbdbe95e94bf4599,745bfd7a954ca85cae41f49356ddb953,7648221213e53e2e6750baebfdbe33d9,767cca0d66e9a7fb3977a9e42feae18f,7774fa5286d0da626f1db9e4e5bd4b6d,7996f816269e5a2a3f5a5b4ca44275dd,7f244d6708a31d7f4ed5dd1a7172b914,7fedace33eb675e2e9741ffe8512671c,858eedcd000ef4713bdaec0ce8240203,8a256d8863b619811fe4a5ed726f23a3,8f001bda5d1b397037710ce3eb8434b1,8f6ea266eeaccae12613b4f424dab3a5,9283062d20f16f4de6c6633578638656,93d369d8234a83de63f768cc17cf8c34,974c4b58aae7619860c9bc0cd3613219,9b1d6b4291704830afc9c739e2791a7a,9f970a3e216e418ba7dfc69c0f0e1f21,9fd8410d0a298646c2b6ab4f55237e50,a42464015535b8ea31fc1148700af077,a4561340fd687ff253d0e96501e2b473,a90cc10f1c48d1937059a7a6034a22a6,adb7d055d005b1bf8dc14d95a9361ef9,b0786d2e6f6cef97c7622c459b2137a9,b1d319e2d84fe356bed282bd61947b5b,b3ac2c78182b715dfd889b1cd8fbeed0,b932b1e94a8b6740ac97cda72e5d7e2c,b99a3823a6e496f69fbc0331e47e66f8,bb31bf2c5c5d45d7c9c1f836159566bf,bcb6e491544d4860573bc5d734aedc8c,c6ac40d721bae3b89af14c8a242c20c1,d33543a2b8137db4a253fd1aa152a427,d4fd4d0c862d571669267cbea8e94ab8,d9de322a3fcdc18ff29b4406fd620205,d9e3d3e65f30b8ebac29cb9b6c03f50e,df968871b0b4c1be253e4e27f974bc3c,e069670214e07bcddb9dfe21b4f0e8a2,e8ff5373633411e525c55cc2e0b9a804,eda53fd892d3b71fc6d696991da14666,ee650c3349e9c45cb3b7d90948ccf3c8,eff0d1e6b60c64b55471300e3e720d4c,f502b11205c8a44ec453a2a357bd116e,f61d96b9f14743bfd3f6deebdd54aeef,fc1c81914b69024d184c652f9e12e343,ffe5faf6443e7a344a0750827f7c65c8'
 '0fdea9c62dd3ed9b98de44392d728454'
 '00c1dcf4a73ec87361bbad662f2cea7d,0fdea9c62dd3ed9b98de44392d728454,19ed1f909ae57e0ac4e8d54d19c03ece,1b14ef8cb8f0c21aee065c204aff83e8,2938825be3acef4e48f6a3974fd79411,4d1d0b74245018830253e1ff0127f609,4fcfb80986f58dc6460db6413dd5bb73,5e1c302445bd27302c342e6dd69cdb91,7343c1b88dff669bbbdbe95e94bf4599,7648221213e53e2e6750baebfdbe33d9,8a256d8863b619811fe4a5ed726f23a3,9f970a3e216e418ba7dfc69c0f0e1f21,a90cc10f1c48d1937059a7a6034a22a6,b932b1e94a8b6740ac97cda72e5d7e2c,b99a3823a6e496f69fbc0331e47e66f8,d4fd4d0c862d571669267cbea8e94ab8,f61d96b9f14743bfd3f6deebdd54aeef'
 '19ed1f909ae57e0ac4e8d54d19c03ece,5de2e6d436c369fdb5a7089e8a144b89,8a256d8863b619811fe4a5ed726f23a3,eda53fd892d3b71fc6d696991da14666'
 '19ed1f909ae57e0ac4e8d54d19c03ece,6330005eb0642edfe30cfe9d96d0b47f,8a256d8863b619811fe4a5ed726f23a3,b1d319e2d84fe356bed282bd61947b5b,f502b11205c8a44ec453a2a357bd116e'
 '19ed1f909ae57e0ac4e8d54d19c03ece,8f001bda5d1b397037710ce3eb8434b1'
 '04025c260b3a737ebba61e7f9b20ea49,2938825be3acef4e48f6a3974fd79411,44ac681cd93e3e38548ea7f0179f021e,525389164d86035a6bb1eceda2baec21,745bfd7a954ca85cae41f49356ddb953,767cca0d66e9a7fb3977a9e42feae18f,7f244d6708a31d7f4ed5dd1a7172b914,a42464015535b8ea31fc1148700af077,a4561340fd687ff253d0e96501e2b473,b1d319e2d84fe356bed282bd61947b5b,b3ac2c78182b715dfd889b1cd8fbeed0,d33543a2b8137db4a253fd1aa152a427,ee650c3349e9c45cb3b7d90948ccf3c8'
 '7fedace33eb675e2e9741ffe8512671c,e069670214e07bcddb9dfe21b4f0e8a2'
 'd33543a2b8137db4a253fd1aa152a427,e069670214e07bcddb9dfe21b4f0e8a2'
 '00c1dcf4a73ec87361bbad662f2cea7d,1b14ef8cb8f0c21aee065c204aff83e8,2938825be3acef4e48f6a3974fd79411,44ac681cd93e3e38548ea7f0179f021e,4eb88e28e8dc360b463722c873636590,4fcfb80986f58dc6460db6413dd5bb73,57eadb894e9bd9d59d93c19ab0613bf6,59e8844135d3a8506b3a141246fdca88,5a970563a73deeb556be44feb1f2b00f,5e1c302445bd27302c342e6dd69cdb91,7343c1b88dff669bbbdbe95e94bf4599,745bfd7a954ca85cae41f49356ddb953,767cca0d66e9a7fb3977a9e42feae18f,7996f816269e5a2a3f5a5b4ca44275dd,7f244d6708a31d7f4ed5dd1a7172b914,8f001bda5d1b397037710ce3eb8434b1,9283062d20f16f4de6c6633578638656,974c4b58aae7619860c9bc0cd3613219,9f970a3e216e418ba7dfc69c0f0e1f21,a90cc10f1c48d1937059a7a6034a22a6,b1d319e2d84fe356bed282bd61947b5b,bcb6e491544d4860573bc5d734aedc8c,df968871b0b4c1be253e4e27f974bc3c,e069670214e07bcddb9dfe21b4f0e8a2,f502b11205c8a44ec453a2a357bd116e,f61d96b9f14743bfd3f6deebdd54aeef,fc1c81914b69024d184c652f9e12e343,ffe5faf6443e7a344a0750827f7c65c8'
 '1b14ef8cb8f0c21aee065c204aff83e8'
 '00c1dcf4a73ec87361bbad662f2cea7d,7f244d6708a31d7f4ed5dd1a7172b914'
 'bcb6e491544d4860573bc5d734aedc8c'
 '19ed1f909ae57e0ac4e8d54d19c03ece,4d1d0b74245018830253e1ff0127f609,adb7d055d005b1bf8dc14d95a9361ef9'
 '19ed1f909ae57e0ac4e8d54d19c03ece,6a8fdb1e4d61b7c81c9477d92eefa583,8a256d8863b619811fe4a5ed726f23a3'
 '6a8fdb1e4d61b7c81c9477d92eefa583'
 '6a8fdb1e4d61b7c81c9477d92eefa583,8a256d8863b619811fe4a5ed726f23a3'
 '19ed1f909ae57e0ac4e8d54d19c03ece,8a256d8863b619811fe4a5ed726f23a3'
 '8a256d8863b619811fe4a5ed726f23a3' '3c598dc0ef76abb38a3bbf4f9cf29486'
 'a42464015535b8ea31fc1148700af077' '7fedace33eb675e2e9741ffe8512671c'
 '1437aec87cb0992578b65b1147734e1d'
 '69ebdc63af25394c5554e2d5ecb3bdb9,bb31bf2c5c5d45d7c9c1f836159566bf'
 'ee650c3349e9c45cb3b7d90948ccf3c8'
 '339c80c45879b81d470b2aeba937bad3,ee650c3349e9c45cb3b7d90948ccf3c8'
 '93d369d8234a83de63f768cc17cf8c34'
 '44ac681cd93e3e38548ea7f0179f021e,9283062d20f16f4de6c6633578638656,d33543a2b8137db4a253fd1aa152a427'
 '31aa0e52f79f3df978e23a3920d67ef5' '7774fa5286d0da626f1db9e4e5bd4b6d'
 '00c1dcf4a73ec87361bbad662f2cea7d,6330005eb0642edfe30cfe9d96d0b47f,e069670214e07bcddb9dfe21b4f0e8a2'
 '5e1c302445bd27302c342e6dd69cdb91,a90cc10f1c48d1937059a7a6034a22a6'
 'a90cc10f1c48d1937059a7a6034a22a6' '7f244d6708a31d7f4ed5dd1a7172b914'
 '745bfd7a954ca85cae41f49356ddb953'
 '7343c1b88dff669bbbdbe95e94bf4599,745bfd7a954ca85cae41f49356ddb953'
 '5e1c302445bd27302c342e6dd69cdb91,f61d96b9f14743bfd3f6deebdd54aeef,fc1c81914b69024d184c652f9e12e343'
 '5e1c302445bd27302c342e6dd69cdb91' 'f61d96b9f14743bfd3f6deebdd54aeef'
 '7343c1b88dff669bbbdbe95e94bf4599'
 '5a970563a73deeb556be44feb1f2b00f,9f970a3e216e418ba7dfc69c0f0e1f21'
 '5a970563a73deeb556be44feb1f2b00f' '00c1dcf4a73ec87361bbad662f2cea7d'
 'e069670214e07bcddb9dfe21b4f0e8a2' 'fc1c81914b69024d184c652f9e12e343'
 '57eadb894e9bd9d59d93c19ab0613bf6'
 '44ac681cd93e3e38548ea7f0179f021e,4eb88e28e8dc360b463722c873636590,f502b11205c8a44ec453a2a357bd116e'
 '4fcfb80986f58dc6460db6413dd5bb73' '767cca0d66e9a7fb3977a9e42feae18f'
 '8f001bda5d1b397037710ce3eb8434b1' '59e8844135d3a8506b3a141246fdca88'
 'f502b11205c8a44ec453a2a357bd116e' '9283062d20f16f4de6c6633578638656'
 'df968871b0b4c1be253e4e27f974bc3c' '027d7b5025667133971f6666863353fd'
 '339c80c45879b81d470b2aeba937bad3' 'd4fd4d0c862d571669267cbea8e94ab8'
 'b99a3823a6e496f69fbc0331e47e66f8']"
"2","Community 2",0,"2","['f026fab8fec948ae9e7baa2ad715e6ef' 'd0d7ed36d6f54b5d986dfd854096b728'
 'bf6a4c18f44042799eb7456a6b85b54a' 'fac4a59c2278498d83f9f1b4231ad62e'
 'd6d2b5862ddc4c4d87deee3423506817' '47d588d26e2b4cccb68fe2af4c147c8f'
 'c0f2dc03d8df400db4997c1a0babd6ad' '0211d61aae834229a3a1e004ff5cc658'
 'ccbbbcc055c34709abcf103208c2c299' '989add81cf874018a569239b68d17ff2'
 'fd7d94fbab084bc380480abeef6bfade' 'cfb915c95caf41c6a25e99a9f37f03a2'
 '8815ed80f9b741dbb458d902024f34a4' 'dddb831546354e088d29aebd154e3a31'
 '005d2154da754b21adcd90ac921bd5f7' '711ba818354546cea69f1532b92a2f26'
 '5c4d8a8f9c104176b87d2bfdf04ae0bd' '5a781604f1fb4719b730f43f534627f6'
 'ecdc1020b10e49ca869d399825e16fa3' '0d8fde01d7234726a00d7e73e2e01d66'
 '9c4bd60958fd4e09a6d5b9e2ab163b5a' '39d31f770cf740e78d526a2e1101a1db'
 '9d282b2250f7408888504f1f93c202a8' 'c063484895794a0eaae1b0ff070ad4c9'
 'e8868920e21b4431aad16e86db977ecb' 'aea3378bfff842e5b3f4b7a4b55b3879'
 'd562223c17d948bf98e34b4d97dde932' 'cde2d75c51d245879265b79d14b8699b'
 '44594467054849d4a1fadb46ddd51641' '2918130221f94f4387da049b647bfe6a'
 'fd139ac75b0e4777ab67b7423eaaa37f' 'a701c349eb7142d48ba7efad89caf9d2'
 'e5d40a1b17f74b1db5d18279caedb04a' 'de25d06733d04385825ee082792f5e52'
 '32f6f11a7845416b8c6eb9fb0b382140' '91407be8c3e54e23918d3a7183d962db'
 '3831134696584d83bbf676a6b3bfa8f9' '50e512a5dbe941f5af68bfdf74b1c3c0'
 'edc717747e904728b57185f5013461f9' '8fba1fea719d49d380ac2d9c310d68b3'
 '532da08f04f645708e747c57e9c4ee05' '3cf0ab4cf14e47ddabd49d500a3dc488'
 'a39b72f8921f43ef8ef295c7cc8f7294' '9f5adbeb6cf04f089abe78d86cfa6aba'
 'efb6350e65964659bc20396c0166b296' 'e095cc36da784300b27c6f8c60a96440'
 'c68893ca39d74ba08c6eb138f24441e1' '472b23bb92834173b4118d101040c726'
 '81869985b45a4fefbbbb23ea118a3de4' '42b8584c5a874eb08fbd61f0c18f3ca0'
 '824d93d9840a4b7c8b1f31bc6816b497' 'f209a808f1f04a5699601e672f4abd06'
 'ccb335166f6c4564ac1c61549d8ded50' 'cbe1a41a82aa4f268e8264568b25938f'
 'e744c118ae7f4638a01d060bbaedd6e9' 'e1c1080c717d437996def1a41772d179'
 '63fba9a7c47a4f14ac0bee6bc90d0fea' '6bfc2395b4f54a528a1ebac94a43acb8'
 'dc94039d6643460ca3c66150b9087129' 'f7ab348030714072a277682b51f7c588'
 '2139b0906dc541e094138a978d070416' 'ff5466607e5d4453b1d833629292f664'
 '71f95003936e46a98d90757ffd845d40' '539d55e7c42e44b59d98f59fae3e0ee1'
 'ac6e5a44e0c04a4fa93589376fde4c34' '40e4ef7dbc98473ba311bd837859a62a'
 '222f0ea8a5684123a7045986640ec844' '668cf1fdfd644d39acc6350b86117ea2'
 '82b0446e7c9d4fc793f7b97f890e9049' '28e7639f55ce464c8a080cbb2c745fa2'
 '478e4c72d8fb46dd8cc9f0691c9878fd' 'c2d48b75af6a4d7989ccf9eceabd934e'
 '4d183e7007624fcd98af96b9d752c16d' '5f1fc373a8f34050a5f7dbd8ac852c1b'
 '9ed7e3d187b94ab0a90830b17d66615e' '0c010fa3aeac4b28b2fbb8c2339c2521'
 '838c4498bc3c437f8d65428b580766a2' 'f9005e5c01b44bb489f7112322fd1162'
 'c885166d0c454a748376b56279f96408' 'b4c7432f712849d7aba9dccbb77471ef'
 '434e752b992c4e6a812557529315c5b9' 'df79a27b9a4f42fd839c90bb8a79ad91'
 '8f140fd7126f47b6b00307b0181509f9' '40450f2c91944a81944621b94f190b49'
 '5b9fa6a959294dc29c8420b2d7d3096f' 'b84d71ed9c3b45819eb3205fd28e13a0'
 'b0b464bc92a541e48547fe9738378dab' '44c65dda6fb7472dae36f6eea720ab47'
 '6a1d83c9ce2b483dbd7de5ab3ae2487d']","['0fdea9c62dd3ed9b98de44392d728454,19ed1f909ae57e0ac4e8d54d19c03ece,3c598dc0ef76abb38a3bbf4f9cf29486,46062a85a4568aafcd4ec93d8ffddfbf,4d1d0b74245018830253e1ff0127f609,666cdc98b7574ee6e7ad89209eab1ed0,6a8fdb1e4d61b7c81c9477d92eefa583,8a256d8863b619811fe4a5ed726f23a3,8f6ea266eeaccae12613b4f424dab3a5,a42464015535b8ea31fc1148700af077,a4561340fd687ff253d0e96501e2b473,adb7d055d005b1bf8dc14d95a9361ef9'
 '46062a85a4568aafcd4ec93d8ffddfbf,8f6ea266eeaccae12613b4f424dab3a5'
 '46062a85a4568aafcd4ec93d8ffddfbf'
 '0fdea9c62dd3ed9b98de44392d728454,46062a85a4568aafcd4ec93d8ffddfbf,5e1c302445bd27302c342e6dd69cdb91,9283062d20f16f4de6c6633578638656,a90cc10f1c48d1937059a7a6034a22a6,adb7d055d005b1bf8dc14d95a9361ef9,bb31bf2c5c5d45d7c9c1f836159566bf'
 '0fdea9c62dd3ed9b98de44392d728454' 'adb7d055d005b1bf8dc14d95a9361ef9'
 '31aa0e52f79f3df978e23a3920d67ef5,5a970563a73deeb556be44feb1f2b00f,7774fa5286d0da626f1db9e4e5bd4b6d,8a256d8863b619811fe4a5ed726f23a3,adb7d055d005b1bf8dc14d95a9361ef9,d4fd4d0c862d571669267cbea8e94ab8'
 '4d1d0b74245018830253e1ff0127f609,59e8844135d3a8506b3a141246fdca88,8f6ea266eeaccae12613b4f424dab3a5,9283062d20f16f4de6c6633578638656,a4561340fd687ff253d0e96501e2b473,adb7d055d005b1bf8dc14d95a9361ef9,bcb6e491544d4860573bc5d734aedc8c,f502b11205c8a44ec453a2a357bd116e'
 '3c598dc0ef76abb38a3bbf4f9cf29486,8f6ea266eeaccae12613b4f424dab3a5'
 '0fdea9c62dd3ed9b98de44392d728454,46062a85a4568aafcd4ec93d8ffddfbf'
 '46062a85a4568aafcd4ec93d8ffddfbf,93d369d8234a83de63f768cc17cf8c34'
 '0fdea9c62dd3ed9b98de44392d728454,3c598dc0ef76abb38a3bbf4f9cf29486'
 '6a8fdb1e4d61b7c81c9477d92eefa583,adb7d055d005b1bf8dc14d95a9361ef9'
 '666cdc98b7574ee6e7ad89209eab1ed0,adb7d055d005b1bf8dc14d95a9361ef9'
 '3c598dc0ef76abb38a3bbf4f9cf29486,4d1d0b74245018830253e1ff0127f609,adb7d055d005b1bf8dc14d95a9361ef9'
 '9283062d20f16f4de6c6633578638656,adb7d055d005b1bf8dc14d95a9361ef9'
 '6a8fdb1e4d61b7c81c9477d92eefa583'
 '19ed1f909ae57e0ac4e8d54d19c03ece,6a8fdb1e4d61b7c81c9477d92eefa583'
 '19ed1f909ae57e0ac4e8d54d19c03ece' 'a4561340fd687ff253d0e96501e2b473'
 '8f6ea266eeaccae12613b4f424dab3a5,a4561340fd687ff253d0e96501e2b473'
 '8f6ea266eeaccae12613b4f424dab3a5' '3c598dc0ef76abb38a3bbf4f9cf29486'
 'a42464015535b8ea31fc1148700af077' 'd4fd4d0c862d571669267cbea8e94ab8']"
"1","Community 1",0,"1","['28e7639f55ce464c8a080cbb2c745fa2' '3f3a2d7aa1294116814f0b4d89baa23d'
 '3073b33926bd4f33807ffa3befacefaf' '2b916117691c4872a9c4e4888d4fe4ab'
 '1f7b02bf486e4f42b23e9cb1a63207f3' '8c34cd494a63438dac219c1dc0f73100'
 '3785eeadea9042bfb2e50f16c0397a12' '48cd97f2297143e09d61ff2a8542c0c5'
 'ff95eb0d5f7f49b782027d5c7ae3c3fe' '086da554db5b4ad5806aedeb0024197c'
 '216ee8a907a0466a88b27f8ada19ffa0' '6fefb317687d4ac98efe39a52f3e190f'
 '320d9d91238948a8be67972ccceab878' 'bdcbcccadd474b3bbe9a8f56c811bab4'
 'f127fc4d87f94794be89134406ba0694' 'c27966a4e3be434686454204ac7b3ab4'
 'dab39f92d0ed468c80699f28c05c45fa' '3076f330d121489aa50964ce54a3b1ac'
 'c8e5d3afdcb54c8589e280f0c4a87417' 'f3d30627e19245649e497ab49bf0fa30'
 'e3f1098c3d984bc7b5f30b9c0101f7a6' '24b4a5f4db67418cbfa08c5316f0ab51'
 'e4b707e3e6964197855b82fc66ef59e7' '109b8be5a8ee4180a1465cd23f019d7b'
 '49f771e31a0c4b35bc39e389f3623509' 'aa946d4379694a74ba0da37e69d2810a'
 '268446fc52a54fd2837f73aeb3e0b74f' 'f6ddfa8491ff40d2839bb5b2e105df22'
 'db1295504da645b69d9786d54f233fed' '6ff4ed0dda4f4158af37be99f505565f'
 '5d398b88ee4242a59c32feb188683ec3' '0a784e00c9464bd3aeb830b908f73170'
 'b0966a0f455e44229e6c9705d57bfca9' '99761e9b89cc4060be3ed6b34532e7ff'
 '8130a1a82bde46048952cf147690e630' '79c99026b7ef4946b9b8e0be841fd4c5'
 'fdcb1673254842f1935f53d0c38c467e' 'dcb3f4cc8abc46faabc193d9885e91d0'
 '3295be59128d451bb720c6688adc1e0b' 'aca3eb8924ac494486fe0bfe892f7f2e'
 '66689accdd974295b7eb779e43578748' '8dbe8f9867e4448f998416c18923eac4'
 'fe8ea8bf1395434393e04e8f7a33025f' '7d58b089bfc549e8951e91ad62541119'
 '1fa6d3118bd846c8837b5fa9fb78f262' '62c65bbae33c4ee9a21b61f6f454c4b4'
 '30b7034c4468473f98ee18d00ee73b33' '00f78b85e5b84999a810e311e540037b'
 '3e460d9f011d4b0b9ccaae7b6a5202de' '9d98dece22eb401aa1a5ce9c88c603f0'
 '79f4b1c1b2be4cf7aa828846e20a4eb6' 'f84314943bee4c859c9a62f268c9c216'
 'f209a808f1f04a5699601e672f4abd06' 'cf6115e69d6649cc99ef2bd11854ccfb'
 '44594467054849d4a1fadb46ddd51641' '6bfc2395b4f54a528a1ebac94a43acb8'
 '0111777c4e9e4260ab2e5ddea7cbcf58' '2139b0906dc541e094138a978d070416'
 'bada987ea7da4c939393ee1c3d08ccd4' 'd0a274e7934d446fb91847bb53a961a6'
 'c6f428af0c5e4f629902fd5455bf19ac' '785f7f32471c439e89601ab81c828d1d'
 '6768339b54084020aec27adcef8994ff' 'eec11f567e7f4943b157c3a657eb9a46'
 '2171091ada0942d8ae7944df11659f6e' 'bcfdc48e5f044e1d84c5d217c1992d4b'
 'f09f381c319f4251847d1a4bb8cdcac1' 'e683130322ac47708a852a5e51abb7c5'
 '8b57a9f43a1942a49b58cf881835f974' 'a621663edba64d99b7e50f1e53f32ee7'
 '42be4e140061482ea509dd3e26189480' '1ca24718a96b47f3a8855550506c4b41'
 '9c980dfe3cab44b7a83408405edab0b6' 'f23484b1b45d44c3b7847e1906dddd37'
 '38f1e44579d0437dac1203c34678d3c3' '4920fda031804ce8a1073ace8e061ed6'
 '31499ee6277a4d71b19cb5b6be554c69' 'd99eabad5dfd47278692569d2a9395b1'
 'd53f15cb7f7845de91cc44ad44ff9f6e' '23becf8c6fca4f47a53ec4883d4bf63f'
 'ac41b77ba33c4c84877eb425aba03aa1' '378fc7636eeb4aabbfd40995a6960c64'
 '100c2fccd7f74d9281707082f062ba72']","['31aa0e52f79f3df978e23a3920d67ef5,46062a85a4568aafcd4ec93d8ffddfbf,4fcfb80986f58dc6460db6413dd5bb73,59e8844135d3a8506b3a141246fdca88,5de2e6d436c369fdb5a7089e8a144b89,93d369d8234a83de63f768cc17cf8c34,adb7d055d005b1bf8dc14d95a9361ef9,c6ac40d721bae3b89af14c8a242c20c1,d33543a2b8137db4a253fd1aa152a427,d9e3d3e65f30b8ebac29cb9b6c03f50e'
 '1437aec87cb0992578b65b1147734e1d,270fffd7af538ddc9b36416a31b4387d,666cdc98b7574ee6e7ad89209eab1ed0,69ebdc63af25394c5554e2d5ecb3bdb9,bb31bf2c5c5d45d7c9c1f836159566bf,eda53fd892d3b71fc6d696991da14666'
 '1437aec87cb0992578b65b1147734e1d,270fffd7af538ddc9b36416a31b4387d,31aa0e52f79f3df978e23a3920d67ef5,5de2e6d436c369fdb5a7089e8a144b89,6330005eb0642edfe30cfe9d96d0b47f,69ebdc63af25394c5554e2d5ecb3bdb9,7774fa5286d0da626f1db9e4e5bd4b6d,7fedace33eb675e2e9741ffe8512671c,858eedcd000ef4713bdaec0ce8240203,93d369d8234a83de63f768cc17cf8c34,b0786d2e6f6cef97c7622c459b2137a9,b3ac2c78182b715dfd889b1cd8fbeed0,bb31bf2c5c5d45d7c9c1f836159566bf,c6ac40d721bae3b89af14c8a242c20c1,d33543a2b8137db4a253fd1aa152a427,d9e3d3e65f30b8ebac29cb9b6c03f50e,eda53fd892d3b71fc6d696991da14666,ee650c3349e9c45cb3b7d90948ccf3c8'
 '1437aec87cb0992578b65b1147734e1d,858eedcd000ef4713bdaec0ce8240203'
 '1437aec87cb0992578b65b1147734e1d,270fffd7af538ddc9b36416a31b4387d,858eedcd000ef4713bdaec0ce8240203,93d369d8234a83de63f768cc17cf8c34,c6ac40d721bae3b89af14c8a242c20c1,d33543a2b8137db4a253fd1aa152a427,d9e3d3e65f30b8ebac29cb9b6c03f50e,eda53fd892d3b71fc6d696991da14666,ee650c3349e9c45cb3b7d90948ccf3c8'
 'd33543a2b8137db4a253fd1aa152a427,eda53fd892d3b71fc6d696991da14666'
 'd33543a2b8137db4a253fd1aa152a427,d4fd4d0c862d571669267cbea8e94ab8,d9e3d3e65f30b8ebac29cb9b6c03f50e'
 '7fedace33eb675e2e9741ffe8512671c' 'ee650c3349e9c45cb3b7d90948ccf3c8'
 '93d369d8234a83de63f768cc17cf8c34'
 '93d369d8234a83de63f768cc17cf8c34,df968871b0b4c1be253e4e27f974bc3c'
 '270fffd7af538ddc9b36416a31b4387d,69ebdc63af25394c5554e2d5ecb3bdb9'
 'd33543a2b8137db4a253fd1aa152a427' 'c6ac40d721bae3b89af14c8a242c20c1'
 'c6ac40d721bae3b89af14c8a242c20c1,d9e3d3e65f30b8ebac29cb9b6c03f50e'
 'd9e3d3e65f30b8ebac29cb9b6c03f50e' '6330005eb0642edfe30cfe9d96d0b47f']"
"0","Community 0",0,"0","['1cce5cebf437428eb1a60dffbdfa603f' 'bac51e00d486420c8e91e824d8e17411'
 '4adee3aad6524a4aa4c4711c1ee05e64' 'd034e4fd8ac849278e658daad1a1f033'
 '091e998370dd42d1b05ab0fcf6595a7e' '1e6cabc18fab4c048281fd29d3044438'
 'dc08f6d7398b4b798a3bdccf508a2ad4' '1c7fd5af8d8041e186eae2431fc627cd'
 'b16eda56dcec40f2b3e109fb9246bee3' '43c68f9a86654a32a2215e23957ed184'
 '1ba06fe2e86140a59bbc4f4e969d0f71' '36caa0a230c8422c8acb4dc62e35bb32'
 '09940fed9d154504948bba2df1789a50' '4d6608557eed49368a6d09c7c5c664c5'
 'eb7c93eeb9dc41aab57d29e97ebb4951' '3b6e2ac584b64847b53828c9d779fed3'
 'e9b68002e035447baae848208cea5503' 'fe18353546824ca98294ce4be7b96e02'
 '0e9740e25f5a460c81318336e00ac880' 'b7cd9a62710849778fdadced0d754687'
 '432a6b4962544200949421a96a405142' 'd6700b360ac141d282cdb567414bf4ce'
 'c1b40a4039b44061a358e098867f7412' '4643a7a319674adfb732b6f6122c7c64'
 '8b57a9f43a1942a49b58cf881835f974' 'f78b01b0d93948c283644ec58f7be74a'
 '563c2af32bb3476299e9b24a646097ab' '1d7b0deca7674777bf76c163ac065845'
 '03afe9988f864c9fa501bfbf043f74c0' '4084f614af494fa8ab73095fb5b6b07b'
 '3ce25564af6e47f390a0b16b6f9433a1' '78213664d0eb45d1a9239ba4b85b10f7'
 '1226e4a4077b4b3a970db4d2509b590c' 'b4c7de7a824a4a71b9f52193d2f1a10d'
 'b609f1939dae4c7383c7d199bb3c7dc3' 'aeee2f443dfb4e3ea80af6ae1d9197ce'
 '8c46d37bc26e4d4dbd37d6ee26867bc6' '58a8fa7f29e347bdb9689b70b065a779'
 'a2cb46c226b94831853a5d28c5d94b0a' 'd3511ecd27cd4166bdb39e757e275300'
 'de3b561f5cce4c83bccb39180e362c97' '5bfefaa0fce04002851733337bed714c'
 'b5fed5609f154df58c6a9f74e55fc0ba' '91ae5251eaab4c08afe6cd4cbefcaa6b'
 'bbdd53a15e99452a9deff05d1de2d965' '532bf54d5a924ff48aee254970efb914'
 '2489232bd2bb492babe00617e7290282' 'd2ed972353af4d1db74702638bfdbb58'
 '575befc8d64c47eb95af8b1096e02963' 'd6e6366617e04b0ba6732fd1d2d76429'
 'b4c4354c8edb40db984942799fe0c8b1' '170507a64973429f818067b80506d428'
 'fd9b298e6aea4685bbb2064b05fcda79' 'eeecb159cc8a4c8989f8da0f3df09f2a'
 '70f22b1d7336492dbade94b8edefe457' '66e098dc431146e19fc4bc2ea37efbd9'
 '932e213c57134098a07073febd51dcc2' '9593428ad36746ae8af6d8ce639834ef'
 '1bcaeb58479d42a6963a073c09f3f397' '1ef0c1c59ce946668ccf1a6a4f5ab7cc'
 'd734746e3d6146f780af91827e578dfd' '21ed913271614cbeb1b754cdbbef13af'
 '1505dfebbfb04652b0ba57de1a251d67' '907ec65076e5494a8631efffb81b3178'
 '2dc7f6b230db452190a09643ca3d5ec0' 'c20ecfc93b3a4875ade5c92cfe4b94a1'
 '4bc7dc91ede345dfb63d7d4f7ac3554f' '8169efeea3ce473d9fd2f1c688126a1c'
 '47d588d26e2b4cccb68fe2af4c147c8f' '3f3a2d7aa1294116814f0b4d89baa23d'
 '1c16b22e18d3483b8d41b284754274e2' 'c27966a4e3be434686454204ac7b3ab4'
 'd0ffa3bcd1234258953ff4956d19f561' '8130a1a82bde46048952cf147690e630'
 'a24e9df02e1b4b43bf6324b039e28285' 'ab3a5a6713244fd595a1ace978c3d960'
 'd7db38bb599c42cab7066f3fdd282282' '887f444240bb474da23cdfb6abf7a998'
 '02a88c0d128e4586b2f1f64329786d3c' 'efd87a59d01e47c8adc02f63ef2c5c3e'
 '5d29053f2ce74442aa1855b327ef3bb7' '1ca41537c47c4752a17a44d1d7086d96'
 '80e3ce3de41e4601823a333e22b7bb3f' '7e40cd12839a4577a95e33d785147a31'
 '30a251bc3d04430d82b5a1a98c7b8c75' '0dddcca0e5df4b16bc03a51a2d2d8e16'
 '757ca40654d5476aa949a26b733be8d4' 'b4e4fa2e3dfc46e68d532d659b18d17d'
 'feb9ddd0ac2949178f26a36949aa5422' 'df40ad480a3c47299a6c8fad05349304'
 'fe98fb197d294b0b837aee8d5a98dfb1' 'f58813d090b947a48c1b4614b92c3ec3'
 '93e1d19f9bfa4c6b8962d56d10ea9483' '5c02b1ab32064c64a0f8b27b219e358a'
 'c5f77ba0c261408780db3d50346f16b7' 'fd31d549420744d1bd1a6b1112a9a6ba']","['46062a85a4568aafcd4ec93d8ffddfbf,9b1d6b4291704830afc9c739e2791a7a'
 '027d7b5025667133971f6666863353fd,04025c260b3a737ebba61e7f9b20ea49,a90cc10f1c48d1937059a7a6034a22a6,b0786d2e6f6cef97c7622c459b2137a9'
 'b0786d2e6f6cef97c7622c459b2137a9,d9e3d3e65f30b8ebac29cb9b6c03f50e'
 '027d7b5025667133971f6666863353fd,7648221213e53e2e6750baebfdbe33d9,b0786d2e6f6cef97c7622c459b2137a9,d9de322a3fcdc18ff29b4406fd620205,e8ff5373633411e525c55cc2e0b9a804,eff0d1e6b60c64b55471300e3e720d4c,ffe5faf6443e7a344a0750827f7c65c8'
 'b0786d2e6f6cef97c7622c459b2137a9'
 '858eedcd000ef4713bdaec0ce8240203,b0786d2e6f6cef97c7622c459b2137a9'
 '858eedcd000ef4713bdaec0ce8240203,ffe5faf6443e7a344a0750827f7c65c8'
 'a90cc10f1c48d1937059a7a6034a22a6'
 'd9de322a3fcdc18ff29b4406fd620205,e8ff5373633411e525c55cc2e0b9a804,ffe5faf6443e7a344a0750827f7c65c8'
 'd9de322a3fcdc18ff29b4406fd620205,e8ff5373633411e525c55cc2e0b9a804'
 '027d7b5025667133971f6666863353fd,7648221213e53e2e6750baebfdbe33d9,d9de322a3fcdc18ff29b4406fd620205,eff0d1e6b60c64b55471300e3e720d4c'
 '027d7b5025667133971f6666863353fd,eff0d1e6b60c64b55471300e3e720d4c,ffe5faf6443e7a344a0750827f7c65c8'
 '027d7b5025667133971f6666863353fd,04025c260b3a737ebba61e7f9b20ea49,339c80c45879b81d470b2aeba937bad3,7648221213e53e2e6750baebfdbe33d9,9b1d6b4291704830afc9c739e2791a7a,b99a3823a6e496f69fbc0331e47e66f8,d4fd4d0c862d571669267cbea8e94ab8,eff0d1e6b60c64b55471300e3e720d4c'
 '027d7b5025667133971f6666863353fd,04025c260b3a737ebba61e7f9b20ea49,339c80c45879b81d470b2aeba937bad3,9b1d6b4291704830afc9c739e2791a7a,eff0d1e6b60c64b55471300e3e720d4c'
 '04025c260b3a737ebba61e7f9b20ea49'
 '04025c260b3a737ebba61e7f9b20ea49,9b1d6b4291704830afc9c739e2791a7a'
 '9b1d6b4291704830afc9c739e2791a7a' '858eedcd000ef4713bdaec0ce8240203'
 '04025c260b3a737ebba61e7f9b20ea49,9b1d6b4291704830afc9c739e2791a7a,eff0d1e6b60c64b55471300e3e720d4c'
 '027d7b5025667133971f6666863353fd,9b1d6b4291704830afc9c739e2791a7a'
 'eff0d1e6b60c64b55471300e3e720d4c'
 '027d7b5025667133971f6666863353fd,339c80c45879b81d470b2aeba937bad3,b99a3823a6e496f69fbc0331e47e66f8,d4fd4d0c862d571669267cbea8e94ab8'
 '027d7b5025667133971f6666863353fd' '7648221213e53e2e6750baebfdbe33d9'
 '339c80c45879b81d470b2aeba937bad3' 'd4fd4d0c862d571669267cbea8e94ab8'
 'b99a3823a6e496f69fbc0331e47e66f8']"
"5","Community 5",0,"5","['8ea7cef407df48098046551e303e1c64' '186e60d2176547bf84e5bf87bd16bb40'
 '2fb66f9a0de6406d83b61742a3b52cd6']","['7343c1b88dff669bbbdbe95e94bf4599,9283062d20f16f4de6c6633578638656,f61d96b9f14743bfd3f6deebdd54aeef'
 '7343c1b88dff669bbbdbe95e94bf4599']"
"6","Community 6",0,"6","['e65017091c8d4c7daa45b6c8414e0465' '423b72bbd56f4caa98f3328202c1c3c9'
 '7ffa3a064bce468082739c5a164df5a3']","['57eadb894e9bd9d59d93c19ab0613bf6,fc1c81914b69024d184c652f9e12e343'
 '4eb88e28e8dc360b463722c873636590,fc1c81914b69024d184c652f9e12e343']"
"4","Community 4",0,"4","['a0f326b9597b49dda6563e9208316117' 'bff3db70f9af4f2c87a93df48ecbb6bc'
 'bf91f36307cb43e1ab1e967cb3ba8274' 'cd58a8740ba54d86a77db9bb9544ef0d'
 'e96d3475d43b42a781b297ae7e650afe' '1ce76a5547854d458878bd445f0ccbd6'
 '11e4325f59394ff1bc89892f79288702' '71743537a07c440ea1710a269da8b538'
 '1389192ce5464be6b3b5749bc9536709' 'b349041c0be64c62b964ab1234e055e6'
 '969e1ea0b1e443a68e9a65dfef91d161' '8e09e7cfea7d405db8b22ae2f836ccb1'
 '490583524d394bf79289c5fe34f7dcf1' 'd7db38bb599c42cab7066f3fdd282282'
 'efd87a59d01e47c8adc02f63ef2c5c3e' '80e3ce3de41e4601823a333e22b7bb3f'
 '50eabc166e8944a49197e79c32f27597' '5197a3fb02ef4677abd1900aa87e4efa'
 '887f444240bb474da23cdfb6abf7a998' '5d29053f2ce74442aa1855b327ef3bb7'
 '7e40cd12839a4577a95e33d785147a31' '8fe58de8a04f4f8f807c77fb41829a3a'
 'a9f50861273c4bb697d868a9d049d392' 'be4820f29fd942b282049fa49697b4ed'
 '6deaefe707f84b3dbda979dea0d095ac' 'd053ea9432a24fb192e8d6aa993b0caa'
 'a3e683d294ed42a28d60d09a36cbeb54' '39887ca8567141d5b857b87a2bca4086'
 '8df8563ab0394ee9a91b89dea7d59404' '12398f70065143839d812fd42ac4b2e7'
 '74d43d20f251441baf8e3db64fedca43' '1b7a22f76f7741e8b140bdc3d8856d76'
 'b823ba1bfe944fa9887edd8faf8a5f17' 'd0bfb473fdc64643954cdb4675e2f389'
 'a4db1b2a9c3e4d2d838725f8166c36b4' '8dae140578c841ae9373cbc607c4a6e6'
 'b215cc33cf40434f87f284ff8f3506a4' 'c1ff9d8e1b8745d6860c34ce26122d79'
 '9d1e6ca9ae8e4e068fb74631a633b20b' 'aefde1f7617f4c0e9aed31db77f6d862'
 '09940fed9d154504948bba2df1789a50' 'aa2ec452728a4703ae1bdabe85b6c079'
 'ad52ba79a84748a49067e53b1d5095f9' '2b916117691c4872a9c4e4888d4fe4ab'
 'a1773cac7d4c4939aec965660e5015fe' '058f66cc356b43cc9433bd3c8d57fa46'
 '4d6608557eed49368a6d09c7c5c664c5' 'c5ddb31e0a9c4b2683e4631283dd505b'
 '289616058bf4495887292003b27ba216' 'eeb9c02c0efa4131b9e95d33c31019fc'
 '7b2472c5dd9949c58828413387b94659' '6a054cb59fb44cf494b93988b5f88833'
 'ff74091eaba246698fcae59c21eec828' '07d8eeb549044ac88d2e788c146a0ef1'
 'bc70fee2061541148833d19e86f225b3' '0fc15cc3b44c4142a770feb4c037a6f7'
 'bdddcb17ba6c408599dd395ce64f960a' 'e7b103a52e384e3e8bf14105223e7e82'
 'f6cbbf1b8f4b48a28a16e4dd8976b9bb' 'ae521508bdc244f99c4fce4ab5214c79'
 '7e0d14ca308b4796bdc675a64bd3a36e' '47df2815030c4f1c99facd5cf2482526'
 '4084f614af494fa8ab73095fb5b6b07b' '8323efc8e539419e9ca3c98e758f6609'
 '47f6d6573cf34e1096c95e36251dd60c' '2fbd74d5ccca4be99c5257b3ac95cfba'
 'a2b1621a3e424ae29a6a73f00edbeca3' 'ec45e1c400654c4f875046926486ded7'
 '6315b4bf135c40358823ed7e4e4060e2']","['4eb88e28e8dc360b463722c873636590,974c4b58aae7619860c9bc0cd3613219,9fd8410d0a298646c2b6ab4f55237e50,d9de322a3fcdc18ff29b4406fd620205,ffe5faf6443e7a344a0750827f7c65c8'
 '2938825be3acef4e48f6a3974fd79411,4eb88e28e8dc360b463722c873636590,4fcfb80986f58dc6460db6413dd5bb73,525389164d86035a6bb1eceda2baec21,767cca0d66e9a7fb3977a9e42feae18f,974c4b58aae7619860c9bc0cd3613219,b932b1e94a8b6740ac97cda72e5d7e2c,d9de322a3fcdc18ff29b4406fd620205,e8ff5373633411e525c55cc2e0b9a804,ffe5faf6443e7a344a0750827f7c65c8'
 '4eb88e28e8dc360b463722c873636590,9fd8410d0a298646c2b6ab4f55237e50'
 '2938825be3acef4e48f6a3974fd79411,4eb88e28e8dc360b463722c873636590,4fcfb80986f58dc6460db6413dd5bb73,525389164d86035a6bb1eceda2baec21,767cca0d66e9a7fb3977a9e42feae18f,9fd8410d0a298646c2b6ab4f55237e50,b932b1e94a8b6740ac97cda72e5d7e2c,e8ff5373633411e525c55cc2e0b9a804,ffe5faf6443e7a344a0750827f7c65c8'
 '2938825be3acef4e48f6a3974fd79411,9fd8410d0a298646c2b6ab4f55237e50'
 '9fd8410d0a298646c2b6ab4f55237e50' '974c4b58aae7619860c9bc0cd3613219'
 '4eb88e28e8dc360b463722c873636590' 'd9de322a3fcdc18ff29b4406fd620205'
 'ffe5faf6443e7a344a0750827f7c65c8' '4fcfb80986f58dc6460db6413dd5bb73'
 '767cca0d66e9a7fb3977a9e42feae18f']"
"18","Community 18",1,"18","['ac6e5a44e0c04a4fa93589376fde4c34' '40e4ef7dbc98473ba311bd837859a62a'
 '222f0ea8a5684123a7045986640ec844' '668cf1fdfd644d39acc6350b86117ea2'
 '478e4c72d8fb46dd8cc9f0691c9878fd' '82b0446e7c9d4fc793f7b97f890e9049'
 '8169efeea3ce473d9fd2f1c688126a1c' 'c2d48b75af6a4d7989ccf9eceabd934e'
 '5f1fc373a8f34050a5f7dbd8ac852c1b' '0c010fa3aeac4b28b2fbb8c2339c2521'
 'c2999bdca08a478b84b10219875b285e' '263d07354a1b4336b462024288f9bcd3'
 'f9005e5c01b44bb489f7112322fd1162' 'd9ef017549724f4fbc4ff4ba6701dac0'
 '33b9e826af3f43838c07c847b6349497' 'dbe9063124d047dc8d6fcaeadcda038f'
 'c885166d0c454a748376b56279f96408' '586bccefb1e344289c1ee984e165de9c'
 'a2201b8753ba4847ab0b22054e27d2c0' 'b5ecd0553dd742f5813c9b855d548a41'
 '89b2003e97804961805ea1886d078ebd' '6dd7f5f6b4544271a97f6a136f82fc3d'
 'eb01db8435554f2cbafe39a50f62f20a' '3d175ad1f0014cd4871eff4e86db9f88'
 'c8e706fbdc90420d952deed03c4f04b4' 'cf6115e69d6649cc99ef2bd11854ccfb'
 '9ed7e3d187b94ab0a90830b17d66615e' 'b4c7432f712849d7aba9dccbb77471ef'
 '434e752b992c4e6a812557529315c5b9' 'df79a27b9a4f42fd839c90bb8a79ad91'
 '8f140fd7126f47b6b00307b0181509f9' '40450f2c91944a81944621b94f190b49'
 '5b9fa6a959294dc29c8420b2d7d3096f' 'b84d71ed9c3b45819eb3205fd28e13a0'
 'b0b464bc92a541e48547fe9738378dab' '44c65dda6fb7472dae36f6eea720ab47'
 '5d97ff82691c4482973d73d1860e4757' '2567445079794d1e84f17abc48776002'
 '392be891f8b649fabdc20e7bf549f669' '0111777c4e9e4260ab2e5ddea7cbcf58'
 '785f7f32471c439e89601ab81c828d1d' '6768339b54084020aec27adcef8994ff'
 'f09f381c319f4251847d1a4bb8cdcac1' 'eec11f567e7f4943b157c3a657eb9a46'
 'efef117839b64ce9adf614a461d41ba6' '2171091ada0942d8ae7944df11659f6e'
 'bcfdc48e5f044e1d84c5d217c1992d4b' 'b232fb0f2ac14790b931d1e7fcddd8ad'
 '1c16b22e18d3483b8d41b284754274e2' '0080f96708cd4054a5f0986ca86889f4'
 'e683130322ac47708a852a5e51abb7c5' '71a0a8c1beb64da08124205e9a803d98'
 'f84314943bee4c859c9a62f268c9c216' 'ba481175ee1d4329bf07757a30abd3a1'
 '8d8da35190bf43c5878fa38f3eb4f3d2' '2fb7e14a3f124526bd7b24867fc18e81'
 '5c13c7d61e6c4bfe839f21e7ad3530a7' 'a621663edba64d99b7e50f1e53f32ee7'
 '42be4e140061482ea509dd3e26189480' '4da4ef951ff340f1a3dd679de4be3341'
 '2f05fcce857e4a499ca4e89a3cefbcb3' 'b3aeb7ae009a4f52ae3ae4586e32fe11'
 '089b9b9841714b8da043777e2cda3767' '38f1e44579d0437dac1203c34678d3c3'
 '1ca24718a96b47f3a8855550506c4b41' '9c980dfe3cab44b7a83408405edab0b6'
 'f23484b1b45d44c3b7847e1906dddd37' '929f30875e1744b49e7b416eaf5a790c'
 '4920fda031804ce8a1073ace8e061ed6' '4b8aa4587c7344adac2cbfa69d5e40fa'
 '52701d941dfb45359693baae8f267056' '31499ee6277a4d71b19cb5b6be554c69'
 'd99eabad5dfd47278692569d2a9395b1' 'd53f15cb7f7845de91cc44ad44ff9f6e'
 '23becf8c6fca4f47a53ec4883d4bf63f' 'd0ffa3bcd1234258953ff4956d19f561'
 'ac41b77ba33c4c84877eb425aba03aa1' '5d3184dabfd647a5a7e565f72c60ff24'
 '0ec262c2cfef4dd581f3655e5e496e31' '100c2fccd7f74d9281707082f062ba72'
 '378fc7636eeb4aabbfd40995a6960c64' '80a04aa18cd649d584292f23b10c0727'
 '4e9ca18ccc1d4527a3bc035d07f5e162' '5564257e89f1428486a64fcf52f49490'
 '83c76fbd2a004d90a5b0a6736ffed61d' 'd9779c41e3c74fe0b26e23822a4b995b'
 '9d7a563b3b2d405092c31f1fe08cff77' 'bd43f3d439a54781bd4b721a9a269b92'
 'adc0f95733e74351a891c4dadf650a52' '225105a7be14447cb03186bd40756059'
 'efce8a9d61254447a26aee99e53f0398' '4a75a9f0b18a48bea9c0601c0fc395c4'
 'e19287afe00a431f9a593a4827d1b448' 'f2c06f3a0c704296bf3353b91ee8af47'
 'f512103ed4624accac6cbbf90d7d250a' '2325dafe50d1435cbee8ebcaa69688df'
 '469aeef98cd1421fa123277b93d7b83a' '2fb66f9a0de6406d83b61742a3b52cd6'
 'b0e6cfd979ea48b997019b059999d3c2' 'ef00ec3a324f4f5986141401002af3f6'
 'a542fd7aed7341468028928937ea2983' '1c5e296a5ac541c1b5cac4357537c22d'
 '5ecf534a9ffe46e0b1c2144110c691c0' '4d183e7007624fcd98af96b9d752c16d'
 '718c507cb8ac49e6a35c251ac951b5ca' 'b45ef27279c043269b23b894461d7d8c'
 '10983a248cc448c59c94df4d1d0898f0' 'e2ec7d3cdbeb4dd086ae6eb399332363'
 '67f10971666240ea930f3b875aabdc1a' '8b95083939ad4771b57a97c2d5805f36'
 '3c4062de44d64870a3cc5913d5769244' '24652fab20d84381b112b8491de2887e'
 'd4602d4a27b34358baa86814a3836d68' '36be44627ece444284f9e759b8cd25c6'
 'a64b4b17b07a44e4b1ac33580d811936' '423b72bbd56f4caa98f3328202c1c3c9'
 '5c7ef01f46a94641bf1ae5cd25f8a538' 'aefde1f7617f4c0e9aed31db77f6d862'
 'ad52ba79a84748a49067e53b1d5095f9' '289616058bf4495887292003b27ba216'
 '7ffa3a064bce468082739c5a164df5a3' 'ce36d1d637cf4a4e93f5e37ffbc6bd76'
 'eeb9c02c0efa4131b9e95d33c31019fc' '7b2472c5dd9949c58828413387b94659'
 'bdddcb17ba6c408599dd395ce64f960a' 'bc70fee2061541148833d19e86f225b3'
 '0fc15cc3b44c4142a770feb4c037a6f7' 'a24e9df02e1b4b43bf6324b039e28285'
 'ab3a5a6713244fd595a1ace978c3d960' '02a88c0d128e4586b2f1f64329786d3c'
 '1ca41537c47c4752a17a44d1d7086d96' '7e0d14ca308b4796bdc675a64bd3a36e'
 '8323efc8e539419e9ca3c98e758f6609' 'a80c7c98c0b647f8b9f6f8cc09168e44'
 '2d66a15939294d21b83b3e277f0a4e46' '47f6d6573cf34e1096c95e36251dd60c'
 '2fbd74d5ccca4be99c5257b3ac95cfba' 'a2b1621a3e424ae29a6a73f00edbeca3'
 'ec45e1c400654c4f875046926486ded7' '047cd93e9d704c7d8dadb6e79f9458df'
 '5b71ee73a5b6484495b2a0a75219426c' 'e1f524d4b9754ce2b64a0a4c8f73b854'
 'ae1fe1c014c54ec4bcdf10dbdaed5068' '92646910ee624bd7909fac2b5c0232e3'
 '05913bee89a94bca88449249e35ba74d' '57b8930790c34dcba4a32c6be703ed78'
 '838c4498bc3c437f8d65428b580766a2' '1b893f24eb98477aad6ce49c0f26737e'
 '6573bc2af4f94596a3f4452a602d6fc4' '0dddcca0e5df4b16bc03a51a2d2d8e16'
 'df40ad480a3c47299a6c8fad05349304' 'fe98fb197d294b0b837aee8d5a98dfb1'
 'feb9ddd0ac2949178f26a36949aa5422' 'b4e4fa2e3dfc46e68d532d659b18d17d'
 'f58813d090b947a48c1b4614b92c3ec3' '30a251bc3d04430d82b5a1a98c7b8c75'
 '93e1d19f9bfa4c6b8962d56d10ea9483' '8046335ba70b434aa3188392a746fd78'
 '5c02b1ab32064c64a0f8b27b219e358a' 'c5f77ba0c261408780db3d50346f16b7'
 '453ecf5476f64f4a8d5020b95baf1314' '6a1d83c9ce2b483dbd7de5ab3ae2487d'
 '66c3dffb7d7a4fa8bb6b48a22ca917a6' '6f3dd1fd6d7f4df4af0656ed0525c92e'
 '711eb39432794b0a91110358dd536517' '0e00585b08044954a254116665400463'
 'db0147eff2204a20b5e5e6bec7a8bae5' '67bb4f4678284819add02ba04f3b1103'
 '2033ec0487f04240abb3bdbe77b39087' 'f197d75f159943f8a3ff441199790bc7'
 '4d8890c699684c9381105b03b0b41b03' 'b1658adfa43847eabad1437db235e858'
 'a1773cac7d4c4939aec965660e5015fe' '6a054cb59fb44cf494b93988b5f88833'
 'e7b103a52e384e3e8bf14105223e7e82' '3f1042452c254cecaf7189e89162adc8'
 'fd31d549420744d1bd1a6b1112a9a6ba' 'bada987ea7da4c939393ee1c3d08ccd4'
 'd0a274e7934d446fb91847bb53a961a6' 'fd139ac75b0e4777ab67b7423eaaa37f'
 '5a781604f1fb4719b730f43f534627f6' '9d282b2250f7408888504f1f93c202a8'
 'cde2d75c51d245879265b79d14b8699b' 'c68893ca39d74ba08c6eb138f24441e1'
 'f127fc4d87f94794be89134406ba0694' '3076f330d121489aa50964ce54a3b1ac'
 'c8e5d3afdcb54c8589e280f0c4a87417' 'f3d30627e19245649e497ab49bf0fa30'
 'dcb3f4cc8abc46faabc193d9885e91d0' '3295be59128d451bb720c6688adc1e0b'
 '69db426b97714835bf4937180774787a' '17bad53a0ebe4569839e5e151ff78593'
 '7f85b181f1184f77aeb3ea2155cf4027' 'd148b2b2033048618f1a090a492a40a5'
 '22ea3328fb6343f4ad2862495ea27640' 'd59b49eb94ce442d89907e90c5d3a44e'
 '7ff31ce54f424f0bbb297b0b3ba7c757' '4067269e7f6943cdbc299ce02b7eadbd'
 'be4820f29fd942b282049fa49697b4ed' 'b4c4354c8edb40db984942799fe0c8b1']","['00c1dcf4a73ec87361bbad662f2cea7d,027d7b5025667133971f6666863353fd,04025c260b3a737ebba61e7f9b20ea49,0fdea9c62dd3ed9b98de44392d728454,1437aec87cb0992578b65b1147734e1d,19ed1f909ae57e0ac4e8d54d19c03ece,1b14ef8cb8f0c21aee065c204aff83e8,270fffd7af538ddc9b36416a31b4387d,2938825be3acef4e48f6a3974fd79411,31aa0e52f79f3df978e23a3920d67ef5,339c80c45879b81d470b2aeba937bad3,3c598dc0ef76abb38a3bbf4f9cf29486,3fb3cba692c8c0bbb0b58c8c5203cd69,44ac681cd93e3e38548ea7f0179f021e,46062a85a4568aafcd4ec93d8ffddfbf,4d1d0b74245018830253e1ff0127f609,4eb88e28e8dc360b463722c873636590,4fcfb80986f58dc6460db6413dd5bb73,525389164d86035a6bb1eceda2baec21,57eadb894e9bd9d59d93c19ab0613bf6,59e8844135d3a8506b3a141246fdca88,5a970563a73deeb556be44feb1f2b00f,5de2e6d436c369fdb5a7089e8a144b89,5e1c302445bd27302c342e6dd69cdb91,6330005eb0642edfe30cfe9d96d0b47f,666cdc98b7574ee6e7ad89209eab1ed0,69ebdc63af25394c5554e2d5ecb3bdb9,6a8fdb1e4d61b7c81c9477d92eefa583,7343c1b88dff669bbbdbe95e94bf4599,745bfd7a954ca85cae41f49356ddb953,7648221213e53e2e6750baebfdbe33d9,767cca0d66e9a7fb3977a9e42feae18f,7774fa5286d0da626f1db9e4e5bd4b6d,7996f816269e5a2a3f5a5b4ca44275dd,7f244d6708a31d7f4ed5dd1a7172b914,7fedace33eb675e2e9741ffe8512671c,858eedcd000ef4713bdaec0ce8240203,8a256d8863b619811fe4a5ed726f23a3,8f001bda5d1b397037710ce3eb8434b1,8f6ea266eeaccae12613b4f424dab3a5,9283062d20f16f4de6c6633578638656,93d369d8234a83de63f768cc17cf8c34,974c4b58aae7619860c9bc0cd3613219,9b1d6b4291704830afc9c739e2791a7a,9f970a3e216e418ba7dfc69c0f0e1f21,9fd8410d0a298646c2b6ab4f55237e50,a42464015535b8ea31fc1148700af077,a4561340fd687ff253d0e96501e2b473,a90cc10f1c48d1937059a7a6034a22a6,adb7d055d005b1bf8dc14d95a9361ef9,b0786d2e6f6cef97c7622c459b2137a9,b1d319e2d84fe356bed282bd61947b5b,b3ac2c78182b715dfd889b1cd8fbeed0,b932b1e94a8b6740ac97cda72e5d7e2c,b99a3823a6e496f69fbc0331e47e66f8,bb31bf2c5c5d45d7c9c1f836159566bf,bcb6e491544d4860573bc5d734aedc8c,c6ac40d721bae3b89af14c8a242c20c1,d33543a2b8137db4a253fd1aa152a427,d4fd4d0c862d571669267cbea8e94ab8,d9de322a3fcdc18ff29b4406fd620205,d9e3d3e65f30b8ebac29cb9b6c03f50e,df968871b0b4c1be253e4e27f974bc3c,e069670214e07bcddb9dfe21b4f0e8a2,e8ff5373633411e525c55cc2e0b9a804,eda53fd892d3b71fc6d696991da14666,ee650c3349e9c45cb3b7d90948ccf3c8,eff0d1e6b60c64b55471300e3e720d4c,f502b11205c8a44ec453a2a357bd116e,f61d96b9f14743bfd3f6deebdd54aeef,fc1c81914b69024d184c652f9e12e343,ffe5faf6443e7a344a0750827f7c65c8'
 '0fdea9c62dd3ed9b98de44392d728454'
 '00c1dcf4a73ec87361bbad662f2cea7d,0fdea9c62dd3ed9b98de44392d728454,19ed1f909ae57e0ac4e8d54d19c03ece,1b14ef8cb8f0c21aee065c204aff83e8,2938825be3acef4e48f6a3974fd79411,4d1d0b74245018830253e1ff0127f609,4fcfb80986f58dc6460db6413dd5bb73,5e1c302445bd27302c342e6dd69cdb91,7343c1b88dff669bbbdbe95e94bf4599,7648221213e53e2e6750baebfdbe33d9,8a256d8863b619811fe4a5ed726f23a3,9f970a3e216e418ba7dfc69c0f0e1f21,a90cc10f1c48d1937059a7a6034a22a6,b932b1e94a8b6740ac97cda72e5d7e2c,b99a3823a6e496f69fbc0331e47e66f8,d4fd4d0c862d571669267cbea8e94ab8,f61d96b9f14743bfd3f6deebdd54aeef'
 '19ed1f909ae57e0ac4e8d54d19c03ece,5de2e6d436c369fdb5a7089e8a144b89,8a256d8863b619811fe4a5ed726f23a3,eda53fd892d3b71fc6d696991da14666'
 '19ed1f909ae57e0ac4e8d54d19c03ece,6330005eb0642edfe30cfe9d96d0b47f,8a256d8863b619811fe4a5ed726f23a3,b1d319e2d84fe356bed282bd61947b5b,f502b11205c8a44ec453a2a357bd116e'
 '19ed1f909ae57e0ac4e8d54d19c03ece,4d1d0b74245018830253e1ff0127f609,adb7d055d005b1bf8dc14d95a9361ef9'
 '19ed1f909ae57e0ac4e8d54d19c03ece,6a8fdb1e4d61b7c81c9477d92eefa583,8a256d8863b619811fe4a5ed726f23a3'
 '6a8fdb1e4d61b7c81c9477d92eefa583'
 '6a8fdb1e4d61b7c81c9477d92eefa583,8a256d8863b619811fe4a5ed726f23a3'
 '19ed1f909ae57e0ac4e8d54d19c03ece,8a256d8863b619811fe4a5ed726f23a3'
 '8a256d8863b619811fe4a5ed726f23a3' '3c598dc0ef76abb38a3bbf4f9cf29486'
 'a42464015535b8ea31fc1148700af077' '7fedace33eb675e2e9741ffe8512671c'
 '1437aec87cb0992578b65b1147734e1d'
 '69ebdc63af25394c5554e2d5ecb3bdb9,bb31bf2c5c5d45d7c9c1f836159566bf'
 'ee650c3349e9c45cb3b7d90948ccf3c8'
 '339c80c45879b81d470b2aeba937bad3,ee650c3349e9c45cb3b7d90948ccf3c8'
 '93d369d8234a83de63f768cc17cf8c34'
 '44ac681cd93e3e38548ea7f0179f021e,9283062d20f16f4de6c6633578638656,d33543a2b8137db4a253fd1aa152a427'
 '31aa0e52f79f3df978e23a3920d67ef5' '7774fa5286d0da626f1db9e4e5bd4b6d'
 '00c1dcf4a73ec87361bbad662f2cea7d,6330005eb0642edfe30cfe9d96d0b47f,e069670214e07bcddb9dfe21b4f0e8a2'
 '1b14ef8cb8f0c21aee065c204aff83e8'
 '5e1c302445bd27302c342e6dd69cdb91,a90cc10f1c48d1937059a7a6034a22a6'
 '7f244d6708a31d7f4ed5dd1a7172b914'
 '7343c1b88dff669bbbdbe95e94bf4599,745bfd7a954ca85cae41f49356ddb953'
 '745bfd7a954ca85cae41f49356ddb953'
 '5e1c302445bd27302c342e6dd69cdb91,f61d96b9f14743bfd3f6deebdd54aeef,fc1c81914b69024d184c652f9e12e343'
 '5e1c302445bd27302c342e6dd69cdb91' 'f61d96b9f14743bfd3f6deebdd54aeef'
 '7343c1b88dff669bbbdbe95e94bf4599' '5a970563a73deeb556be44feb1f2b00f'
 '00c1dcf4a73ec87361bbad662f2cea7d' 'e069670214e07bcddb9dfe21b4f0e8a2'
 'fc1c81914b69024d184c652f9e12e343' '57eadb894e9bd9d59d93c19ab0613bf6'
 '44ac681cd93e3e38548ea7f0179f021e,4eb88e28e8dc360b463722c873636590,f502b11205c8a44ec453a2a357bd116e'
 '4fcfb80986f58dc6460db6413dd5bb73' '59e8844135d3a8506b3a141246fdca88'
 'f502b11205c8a44ec453a2a357bd116e' '9283062d20f16f4de6c6633578638656'
 'df968871b0b4c1be253e4e27f974bc3c' '027d7b5025667133971f6666863353fd'
 '339c80c45879b81d470b2aeba937bad3' 'd4fd4d0c862d571669267cbea8e94ab8'
 'b99a3823a6e496f69fbc0331e47e66f8']"
"14","Community 14",1,"14","['f026fab8fec948ae9e7baa2ad715e6ef' 'd0d7ed36d6f54b5d986dfd854096b728'
 'bf6a4c18f44042799eb7456a6b85b54a' 'fac4a59c2278498d83f9f1b4231ad62e'
 'd6d2b5862ddc4c4d87deee3423506817' '47d588d26e2b4cccb68fe2af4c147c8f'
 'c0f2dc03d8df400db4997c1a0babd6ad' '0211d61aae834229a3a1e004ff5cc658'
 'ccbbbcc055c34709abcf103208c2c299' '989add81cf874018a569239b68d17ff2'
 'fd7d94fbab084bc380480abeef6bfade' 'cfb915c95caf41c6a25e99a9f37f03a2'
 '8815ed80f9b741dbb458d902024f34a4' 'dddb831546354e088d29aebd154e3a31'
 '005d2154da754b21adcd90ac921bd5f7' '711ba818354546cea69f1532b92a2f26'
 '5c4d8a8f9c104176b87d2bfdf04ae0bd' '5a781604f1fb4719b730f43f534627f6'
 'ecdc1020b10e49ca869d399825e16fa3' '0d8fde01d7234726a00d7e73e2e01d66'
 '9c4bd60958fd4e09a6d5b9e2ab163b5a' '39d31f770cf740e78d526a2e1101a1db'
 '9d282b2250f7408888504f1f93c202a8' 'c063484895794a0eaae1b0ff070ad4c9'
 'e8868920e21b4431aad16e86db977ecb' 'aea3378bfff842e5b3f4b7a4b55b3879'
 'd562223c17d948bf98e34b4d97dde932' 'cde2d75c51d245879265b79d14b8699b'
 '44594467054849d4a1fadb46ddd51641' '2918130221f94f4387da049b647bfe6a'
 'fd139ac75b0e4777ab67b7423eaaa37f' 'a701c349eb7142d48ba7efad89caf9d2'
 'e5d40a1b17f74b1db5d18279caedb04a' 'de25d06733d04385825ee082792f5e52'
 '32f6f11a7845416b8c6eb9fb0b382140' '91407be8c3e54e23918d3a7183d962db'
 '3831134696584d83bbf676a6b3bfa8f9' '50e512a5dbe941f5af68bfdf74b1c3c0'
 'edc717747e904728b57185f5013461f9' '8fba1fea719d49d380ac2d9c310d68b3'
 '532da08f04f645708e747c57e9c4ee05' '3cf0ab4cf14e47ddabd49d500a3dc488'
 'a39b72f8921f43ef8ef295c7cc8f7294' '9f5adbeb6cf04f089abe78d86cfa6aba'
 'efb6350e65964659bc20396c0166b296' 'e095cc36da784300b27c6f8c60a96440'
 'c68893ca39d74ba08c6eb138f24441e1' '472b23bb92834173b4118d101040c726'
 '71f95003936e46a98d90757ffd845d40' 'ac6e5a44e0c04a4fa93589376fde4c34'
 '478e4c72d8fb46dd8cc9f0691c9878fd' '5f1fc373a8f34050a5f7dbd8ac852c1b'
 '9ed7e3d187b94ab0a90830b17d66615e' '0c010fa3aeac4b28b2fbb8c2339c2521'
 '838c4498bc3c437f8d65428b580766a2' 'f9005e5c01b44bb489f7112322fd1162'
 'c885166d0c454a748376b56279f96408' 'b4c7432f712849d7aba9dccbb77471ef'
 '434e752b992c4e6a812557529315c5b9' 'df79a27b9a4f42fd839c90bb8a79ad91'
 '8f140fd7126f47b6b00307b0181509f9' '40450f2c91944a81944621b94f190b49'
 '5b9fa6a959294dc29c8420b2d7d3096f' 'b84d71ed9c3b45819eb3205fd28e13a0'
 'b0b464bc92a541e48547fe9738378dab' '44c65dda6fb7472dae36f6eea720ab47']","['0fdea9c62dd3ed9b98de44392d728454,19ed1f909ae57e0ac4e8d54d19c03ece,3c598dc0ef76abb38a3bbf4f9cf29486,46062a85a4568aafcd4ec93d8ffddfbf,4d1d0b74245018830253e1ff0127f609,666cdc98b7574ee6e7ad89209eab1ed0,6a8fdb1e4d61b7c81c9477d92eefa583,8a256d8863b619811fe4a5ed726f23a3,8f6ea266eeaccae12613b4f424dab3a5,a42464015535b8ea31fc1148700af077,a4561340fd687ff253d0e96501e2b473,adb7d055d005b1bf8dc14d95a9361ef9'
 '4d1d0b74245018830253e1ff0127f609,59e8844135d3a8506b3a141246fdca88,8f6ea266eeaccae12613b4f424dab3a5,9283062d20f16f4de6c6633578638656,a4561340fd687ff253d0e96501e2b473,adb7d055d005b1bf8dc14d95a9361ef9,bcb6e491544d4860573bc5d734aedc8c,f502b11205c8a44ec453a2a357bd116e'
 '46062a85a4568aafcd4ec93d8ffddfbf,93d369d8234a83de63f768cc17cf8c34'
 '0fdea9c62dd3ed9b98de44392d728454,3c598dc0ef76abb38a3bbf4f9cf29486'
 'adb7d055d005b1bf8dc14d95a9361ef9'
 '6a8fdb1e4d61b7c81c9477d92eefa583,adb7d055d005b1bf8dc14d95a9361ef9'
 '666cdc98b7574ee6e7ad89209eab1ed0,adb7d055d005b1bf8dc14d95a9361ef9'
 '3c598dc0ef76abb38a3bbf4f9cf29486,4d1d0b74245018830253e1ff0127f609,adb7d055d005b1bf8dc14d95a9361ef9'
 '9283062d20f16f4de6c6633578638656,adb7d055d005b1bf8dc14d95a9361ef9'
 '6a8fdb1e4d61b7c81c9477d92eefa583'
 '19ed1f909ae57e0ac4e8d54d19c03ece,6a8fdb1e4d61b7c81c9477d92eefa583'
 '19ed1f909ae57e0ac4e8d54d19c03ece' 'a4561340fd687ff253d0e96501e2b473'
 '8f6ea266eeaccae12613b4f424dab3a5,a4561340fd687ff253d0e96501e2b473'
 '8f6ea266eeaccae12613b4f424dab3a5' '3c598dc0ef76abb38a3bbf4f9cf29486'
 'a42464015535b8ea31fc1148700af077']"
"15","Community 15",1,"15","['81869985b45a4fefbbbb23ea118a3de4' '42b8584c5a874eb08fbd61f0c18f3ca0'
 '824d93d9840a4b7c8b1f31bc6816b497' 'f209a808f1f04a5699601e672f4abd06'
 'ccb335166f6c4564ac1c61549d8ded50' 'cbe1a41a82aa4f268e8264568b25938f'
 '539d55e7c42e44b59d98f59fae3e0ee1' '40e4ef7dbc98473ba311bd837859a62a'
 'f026fab8fec948ae9e7baa2ad715e6ef' '222f0ea8a5684123a7045986640ec844'
 'd0d7ed36d6f54b5d986dfd854096b728' '668cf1fdfd644d39acc6350b86117ea2'
 'bf6a4c18f44042799eb7456a6b85b54a' 'a39b72f8921f43ef8ef295c7cc8f7294'
 'efb6350e65964659bc20396c0166b296']","['46062a85a4568aafcd4ec93d8ffddfbf,8f6ea266eeaccae12613b4f424dab3a5'
 '46062a85a4568aafcd4ec93d8ffddfbf'
 '3c598dc0ef76abb38a3bbf4f9cf29486,8f6ea266eeaccae12613b4f424dab3a5'
 '0fdea9c62dd3ed9b98de44392d728454,46062a85a4568aafcd4ec93d8ffddfbf']"
"11","Community 11",1,"11","['28e7639f55ce464c8a080cbb2c745fa2' '3f3a2d7aa1294116814f0b4d89baa23d'
 '3073b33926bd4f33807ffa3befacefaf' '2b916117691c4872a9c4e4888d4fe4ab'
 '1f7b02bf486e4f42b23e9cb1a63207f3' '8c34cd494a63438dac219c1dc0f73100'
 '3785eeadea9042bfb2e50f16c0397a12' '48cd97f2297143e09d61ff2a8542c0c5'
 'ff95eb0d5f7f49b782027d5c7ae3c3fe' '086da554db5b4ad5806aedeb0024197c'
 '216ee8a907a0466a88b27f8ada19ffa0' '6fefb317687d4ac98efe39a52f3e190f'
 '320d9d91238948a8be67972ccceab878' 'bdcbcccadd474b3bbe9a8f56c811bab4'
 'f127fc4d87f94794be89134406ba0694' 'c27966a4e3be434686454204ac7b3ab4'
 'dab39f92d0ed468c80699f28c05c45fa' '3076f330d121489aa50964ce54a3b1ac'
 'c8e5d3afdcb54c8589e280f0c4a87417' 'f3d30627e19245649e497ab49bf0fa30'
 'e3f1098c3d984bc7b5f30b9c0101f7a6' '24b4a5f4db67418cbfa08c5316f0ab51'
 'e4b707e3e6964197855b82fc66ef59e7' '109b8be5a8ee4180a1465cd23f019d7b'
 '49f771e31a0c4b35bc39e389f3623509' 'aa946d4379694a74ba0da37e69d2810a'
 '268446fc52a54fd2837f73aeb3e0b74f' 'f6ddfa8491ff40d2839bb5b2e105df22'
 'db1295504da645b69d9786d54f233fed' '6ff4ed0dda4f4158af37be99f505565f'
 '5d398b88ee4242a59c32feb188683ec3' '0a784e00c9464bd3aeb830b908f73170'
 'b0966a0f455e44229e6c9705d57bfca9' '99761e9b89cc4060be3ed6b34532e7ff'
 '8130a1a82bde46048952cf147690e630' '79c99026b7ef4946b9b8e0be841fd4c5'
 'fdcb1673254842f1935f53d0c38c467e' 'dcb3f4cc8abc46faabc193d9885e91d0'
 '3295be59128d451bb720c6688adc1e0b' 'aca3eb8924ac494486fe0bfe892f7f2e'
 '66689accdd974295b7eb779e43578748' 'f84314943bee4c859c9a62f268c9c216'
 'f209a808f1f04a5699601e672f4abd06' 'cf6115e69d6649cc99ef2bd11854ccfb'
 '44594467054849d4a1fadb46ddd51641' '6bfc2395b4f54a528a1ebac94a43acb8'
 '0111777c4e9e4260ab2e5ddea7cbcf58' '2139b0906dc541e094138a978d070416'
 'bada987ea7da4c939393ee1c3d08ccd4' 'd0a274e7934d446fb91847bb53a961a6'
 'c6f428af0c5e4f629902fd5455bf19ac' '785f7f32471c439e89601ab81c828d1d'
 '6768339b54084020aec27adcef8994ff' 'eec11f567e7f4943b157c3a657eb9a46'
 '2171091ada0942d8ae7944df11659f6e' 'bcfdc48e5f044e1d84c5d217c1992d4b'
 'f09f381c319f4251847d1a4bb8cdcac1' 'a621663edba64d99b7e50f1e53f32ee7'
 '42be4e140061482ea509dd3e26189480' '1ca24718a96b47f3a8855550506c4b41'
 '9c980dfe3cab44b7a83408405edab0b6' 'f23484b1b45d44c3b7847e1906dddd37'
 '38f1e44579d0437dac1203c34678d3c3' 'ac41b77ba33c4c84877eb425aba03aa1'
 '378fc7636eeb4aabbfd40995a6960c64' '100c2fccd7f74d9281707082f062ba72']","['31aa0e52f79f3df978e23a3920d67ef5,46062a85a4568aafcd4ec93d8ffddfbf,4fcfb80986f58dc6460db6413dd5bb73,59e8844135d3a8506b3a141246fdca88,5de2e6d436c369fdb5a7089e8a144b89,93d369d8234a83de63f768cc17cf8c34,adb7d055d005b1bf8dc14d95a9361ef9,c6ac40d721bae3b89af14c8a242c20c1,d33543a2b8137db4a253fd1aa152a427,d9e3d3e65f30b8ebac29cb9b6c03f50e'
 '1437aec87cb0992578b65b1147734e1d,270fffd7af538ddc9b36416a31b4387d,666cdc98b7574ee6e7ad89209eab1ed0,69ebdc63af25394c5554e2d5ecb3bdb9,bb31bf2c5c5d45d7c9c1f836159566bf,eda53fd892d3b71fc6d696991da14666'
 '1437aec87cb0992578b65b1147734e1d,270fffd7af538ddc9b36416a31b4387d,31aa0e52f79f3df978e23a3920d67ef5,5de2e6d436c369fdb5a7089e8a144b89,6330005eb0642edfe30cfe9d96d0b47f,69ebdc63af25394c5554e2d5ecb3bdb9,7774fa5286d0da626f1db9e4e5bd4b6d,7fedace33eb675e2e9741ffe8512671c,858eedcd000ef4713bdaec0ce8240203,93d369d8234a83de63f768cc17cf8c34,b0786d2e6f6cef97c7622c459b2137a9,b3ac2c78182b715dfd889b1cd8fbeed0,bb31bf2c5c5d45d7c9c1f836159566bf,c6ac40d721bae3b89af14c8a242c20c1,d33543a2b8137db4a253fd1aa152a427,d9e3d3e65f30b8ebac29cb9b6c03f50e,eda53fd892d3b71fc6d696991da14666,ee650c3349e9c45cb3b7d90948ccf3c8'
 '7fedace33eb675e2e9741ffe8512671c' 'ee650c3349e9c45cb3b7d90948ccf3c8'
 '93d369d8234a83de63f768cc17cf8c34'
 '93d369d8234a83de63f768cc17cf8c34,df968871b0b4c1be253e4e27f974bc3c'
 'c6ac40d721bae3b89af14c8a242c20c1' 'd9e3d3e65f30b8ebac29cb9b6c03f50e'
 '6330005eb0642edfe30cfe9d96d0b47f']"
"16","Community 16",1,"16","['e744c118ae7f4638a01d060bbaedd6e9' 'e1c1080c717d437996def1a41772d179'
 '63fba9a7c47a4f14ac0bee6bc90d0fea' '6bfc2395b4f54a528a1ebac94a43acb8'
 'f7ab348030714072a277682b51f7c588' '2139b0906dc541e094138a978d070416'
 'ff5466607e5d4453b1d833629292f664' '82b0446e7c9d4fc793f7b97f890e9049'
 'd6d2b5862ddc4c4d87deee3423506817' '28e7639f55ce464c8a080cbb2c745fa2'
 'c2d48b75af6a4d7989ccf9eceabd934e' 'ccbbbcc055c34709abcf103208c2c299'
 '4d183e7007624fcd98af96b9d752c16d' 'd562223c17d948bf98e34b4d97dde932'
 '6a1d83c9ce2b483dbd7de5ab3ae2487d']","['0fdea9c62dd3ed9b98de44392d728454,46062a85a4568aafcd4ec93d8ffddfbf,5e1c302445bd27302c342e6dd69cdb91,9283062d20f16f4de6c6633578638656,a90cc10f1c48d1937059a7a6034a22a6,adb7d055d005b1bf8dc14d95a9361ef9,bb31bf2c5c5d45d7c9c1f836159566bf'
 'adb7d055d005b1bf8dc14d95a9361ef9'
 '31aa0e52f79f3df978e23a3920d67ef5,5a970563a73deeb556be44feb1f2b00f,7774fa5286d0da626f1db9e4e5bd4b6d,8a256d8863b619811fe4a5ed726f23a3,adb7d055d005b1bf8dc14d95a9361ef9,d4fd4d0c862d571669267cbea8e94ab8'
 '0fdea9c62dd3ed9b98de44392d728454' 'd4fd4d0c862d571669267cbea8e94ab8']"
"10","Community 10",1,"10","['1cce5cebf437428eb1a60dffbdfa603f' '907ec65076e5494a8631efffb81b3178'
 '2dc7f6b230db452190a09643ca3d5ec0' 'c20ecfc93b3a4875ade5c92cfe4b94a1'
 '8169efeea3ce473d9fd2f1c688126a1c' '47d588d26e2b4cccb68fe2af4c147c8f'
 '3f3a2d7aa1294116814f0b4d89baa23d' '5bfefaa0fce04002851733337bed714c'
 'df40ad480a3c47299a6c8fad05349304' 'bbdd53a15e99452a9deff05d1de2d965']","['46062a85a4568aafcd4ec93d8ffddfbf,9b1d6b4291704830afc9c739e2791a7a'
 '04025c260b3a737ebba61e7f9b20ea49,9b1d6b4291704830afc9c739e2791a7a'
 '9b1d6b4291704830afc9c739e2791a7a']"
"17","Community 17",1,"17",['dc94039d6643460ca3c66150b9087129' 'c0f2dc03d8df400db4997c1a0babd6ad'],['0fdea9c62dd3ed9b98de44392d728454']
"19","Community 19",1,"19","['0a799eab61bc4e6b884db6689f9c2c4a' 'c6f428af0c5e4f629902fd5455bf19ac'
 'd1fd271d16c348019c2fcced762b35a2' 'ffa128c9c0c84d39bad1bba8cfa4adc5'
 '058f66cc356b43cc9433bd3c8d57fa46' 'ff74091eaba246698fcae59c21eec828'
 'f6cbbf1b8f4b48a28a16e4dd8976b9bb' '757ca40654d5476aa949a26b733be8d4'
 'de04830d6e414fd5b39a9e90769d9452' '69db426b97714835bf4937180774787a'
 '9c7bc862339d4a5bb21ee5154d9b33bb' '17bad53a0ebe4569839e5e151ff78593'
 '53d98f08e7c74158b7318357b6c660b3' 'cd601f77419c403889aadeee591915b5'
 '0f564ebd53e940fba9d16674ac7bc038' '7deb75816e4f473480e0c79ae99b5bf4'
 '7f85b181f1184f77aeb3ea2155cf4027' 'd148b2b2033048618f1a090a492a40a5'
 '4d839a10353e4144a26563b0966721d5' '521a862bb196488389f17c0b0f4b6f4d'
 '22ea3328fb6343f4ad2862495ea27640' '3f9a2a2c1c0a424e8b4980ea9d48bdbe'
 'aa2ec452728a4703ae1bdabe85b6c079' 'c5ddb31e0a9c4b2683e4631283dd505b'
 '07d8eeb549044ac88d2e788c146a0ef1' '47df2815030c4f1c99facd5cf2482526'
 'ae521508bdc244f99c4fce4ab5214c79' '6315b4bf135c40358823ed7e4e4060e2'
 '33905debec1a45ecae1c65daac1d854c' 'bfbe904780fe47daad1a04126b12923c'
 '0614f00e932c4cd0b53928053811ebc1' '9ef487dd0b574b108c60a56d6a2f146c'
 '4067269e7f6943cdbc299ce02b7eadbd' '094a736ba43c4da48c556437f47f88d1'
 'd59b49eb94ce442d89907e90c5d3a44e' 'fae3fe31deb141ab93143ac411f1eaaa'
 '5b71ee73a5b6484495b2a0a75219426c' 'e8868920e21b4431aad16e86db977ecb'
 '392be891f8b649fabdc20e7bf549f669' 'de25d06733d04385825ee082792f5e52'
 '3f1042452c254cecaf7189e89162adc8' 'd9779c41e3c74fe0b26e23822a4b995b'
 '1f7b02bf486e4f42b23e9cb1a63207f3' '4d8890c699684c9381105b03b0b41b03'
 '71f95003936e46a98d90757ffd845d40' '81446ea789b24eaf9eab02dc07c3d984'
 '80a04aa18cd649d584292f23b10c0727' 'bd43f3d439a54781bd4b721a9a269b92'
 '563c2af32bb3476299e9b24a646097ab' '225105a7be14447cb03186bd40756059'
 'b1658adfa43847eabad1437db235e858' 'efce8a9d61254447a26aee99e53f0398'
 '4a75a9f0b18a48bea9c0601c0fc395c4' 'f2c06f3a0c704296bf3353b91ee8af47'
 '1c5e296a5ac541c1b5cac4357537c22d' '718c507cb8ac49e6a35c251ac951b5ca'
 'd4602d4a27b34358baa86814a3836d68' '047cd93e9d704c7d8dadb6e79f9458df']","['19ed1f909ae57e0ac4e8d54d19c03ece,8f001bda5d1b397037710ce3eb8434b1'
 '04025c260b3a737ebba61e7f9b20ea49,2938825be3acef4e48f6a3974fd79411,44ac681cd93e3e38548ea7f0179f021e,525389164d86035a6bb1eceda2baec21,745bfd7a954ca85cae41f49356ddb953,767cca0d66e9a7fb3977a9e42feae18f,7f244d6708a31d7f4ed5dd1a7172b914,a42464015535b8ea31fc1148700af077,a4561340fd687ff253d0e96501e2b473,b1d319e2d84fe356bed282bd61947b5b,b3ac2c78182b715dfd889b1cd8fbeed0,d33543a2b8137db4a253fd1aa152a427,ee650c3349e9c45cb3b7d90948ccf3c8'
 '00c1dcf4a73ec87361bbad662f2cea7d,1b14ef8cb8f0c21aee065c204aff83e8,2938825be3acef4e48f6a3974fd79411,44ac681cd93e3e38548ea7f0179f021e,4eb88e28e8dc360b463722c873636590,4fcfb80986f58dc6460db6413dd5bb73,57eadb894e9bd9d59d93c19ab0613bf6,59e8844135d3a8506b3a141246fdca88,5a970563a73deeb556be44feb1f2b00f,5e1c302445bd27302c342e6dd69cdb91,7343c1b88dff669bbbdbe95e94bf4599,745bfd7a954ca85cae41f49356ddb953,767cca0d66e9a7fb3977a9e42feae18f,7996f816269e5a2a3f5a5b4ca44275dd,7f244d6708a31d7f4ed5dd1a7172b914,8f001bda5d1b397037710ce3eb8434b1,9283062d20f16f4de6c6633578638656,974c4b58aae7619860c9bc0cd3613219,9f970a3e216e418ba7dfc69c0f0e1f21,a90cc10f1c48d1937059a7a6034a22a6,b1d319e2d84fe356bed282bd61947b5b,bcb6e491544d4860573bc5d734aedc8c,df968871b0b4c1be253e4e27f974bc3c,e069670214e07bcddb9dfe21b4f0e8a2,f502b11205c8a44ec453a2a357bd116e,f61d96b9f14743bfd3f6deebdd54aeef,fc1c81914b69024d184c652f9e12e343,ffe5faf6443e7a344a0750827f7c65c8'
 '1b14ef8cb8f0c21aee065c204aff83e8'
 '00c1dcf4a73ec87361bbad662f2cea7d,7f244d6708a31d7f4ed5dd1a7172b914'
 'bcb6e491544d4860573bc5d734aedc8c' 'a90cc10f1c48d1937059a7a6034a22a6'
 '745bfd7a954ca85cae41f49356ddb953'
 '5a970563a73deeb556be44feb1f2b00f,9f970a3e216e418ba7dfc69c0f0e1f21'
 'fc1c81914b69024d184c652f9e12e343' '767cca0d66e9a7fb3977a9e42feae18f'
 '8f001bda5d1b397037710ce3eb8434b1']"
"20","Community 20",1,"20","['6b49c78aa1524609ab7aa74aeaa3e01d' '7ff31ce54f424f0bbb297b0b3ba7c757'
 '81446ea789b24eaf9eab02dc07c3d984' 'efef117839b64ce9adf614a461d41ba6'
 '6fefb317687d4ac98efe39a52f3e190f' '4b8aa4587c7344adac2cbfa69d5e40fa']","['7fedace33eb675e2e9741ffe8512671c,e069670214e07bcddb9dfe21b4f0e8a2'
 'd33543a2b8137db4a253fd1aa152a427,e069670214e07bcddb9dfe21b4f0e8a2']"
"9","Community 9",1,"9","['bac51e00d486420c8e91e824d8e17411' '4adee3aad6524a4aa4c4711c1ee05e64'
 'd034e4fd8ac849278e658daad1a1f033' '091e998370dd42d1b05ab0fcf6595a7e'
 '1e6cabc18fab4c048281fd29d3044438' 'dc08f6d7398b4b798a3bdccf508a2ad4'
 '1c7fd5af8d8041e186eae2431fc627cd' 'b16eda56dcec40f2b3e109fb9246bee3'
 '43c68f9a86654a32a2215e23957ed184' '1ba06fe2e86140a59bbc4f4e969d0f71'
 'c1b40a4039b44061a358e098867f7412' '4643a7a319674adfb732b6f6122c7c64'
 '8b57a9f43a1942a49b58cf881835f974' 'f78b01b0d93948c283644ec58f7be74a'
 '563c2af32bb3476299e9b24a646097ab' '1c16b22e18d3483b8d41b284754274e2'
 'c27966a4e3be434686454204ac7b3ab4' 'd0ffa3bcd1234258953ff4956d19f561'
 '8130a1a82bde46048952cf147690e630' '36caa0a230c8422c8acb4dc62e35bb32'
 'fe18353546824ca98294ce4be7b96e02']","['027d7b5025667133971f6666863353fd,04025c260b3a737ebba61e7f9b20ea49,a90cc10f1c48d1937059a7a6034a22a6,b0786d2e6f6cef97c7622c459b2137a9'
 'b0786d2e6f6cef97c7622c459b2137a9,d9e3d3e65f30b8ebac29cb9b6c03f50e'
 'b0786d2e6f6cef97c7622c459b2137a9'
 '858eedcd000ef4713bdaec0ce8240203,b0786d2e6f6cef97c7622c459b2137a9'
 '858eedcd000ef4713bdaec0ce8240203,ffe5faf6443e7a344a0750827f7c65c8'
 'a90cc10f1c48d1937059a7a6034a22a6' '858eedcd000ef4713bdaec0ce8240203']"
"7","Community 7",1,"7","['36caa0a230c8422c8acb4dc62e35bb32' '09940fed9d154504948bba2df1789a50'
 '4d6608557eed49368a6d09c7c5c664c5' 'eb7c93eeb9dc41aab57d29e97ebb4951'
 '3b6e2ac584b64847b53828c9d779fed3' 'e9b68002e035447baae848208cea5503'
 'fe18353546824ca98294ce4be7b96e02' '0e9740e25f5a460c81318336e00ac880'
 'b7cd9a62710849778fdadced0d754687' '432a6b4962544200949421a96a405142'
 'd6700b360ac141d282cdb567414bf4ce' '1d7b0deca7674777bf76c163ac065845'
 '03afe9988f864c9fa501bfbf043f74c0' '4084f614af494fa8ab73095fb5b6b07b'
 '3ce25564af6e47f390a0b16b6f9433a1' '78213664d0eb45d1a9239ba4b85b10f7'
 '1226e4a4077b4b3a970db4d2509b590c' 'b4c7de7a824a4a71b9f52193d2f1a10d'
 'b609f1939dae4c7383c7d199bb3c7dc3' 'aeee2f443dfb4e3ea80af6ae1d9197ce'
 '8c46d37bc26e4d4dbd37d6ee26867bc6' '58a8fa7f29e347bdb9689b70b065a779'
 'a24e9df02e1b4b43bf6324b039e28285' '1e6cabc18fab4c048281fd29d3044438'
 'ab3a5a6713244fd595a1ace978c3d960' 'd7db38bb599c42cab7066f3fdd282282'
 '887f444240bb474da23cdfb6abf7a998' '02a88c0d128e4586b2f1f64329786d3c'
 'efd87a59d01e47c8adc02f63ef2c5c3e' '5d29053f2ce74442aa1855b327ef3bb7'
 '1ca41537c47c4752a17a44d1d7086d96' '80e3ce3de41e4601823a333e22b7bb3f'
 '7e40cd12839a4577a95e33d785147a31' '30a251bc3d04430d82b5a1a98c7b8c75'
 '5c02b1ab32064c64a0f8b27b219e358a' '170507a64973429f818067b80506d428']","['027d7b5025667133971f6666863353fd,7648221213e53e2e6750baebfdbe33d9,b0786d2e6f6cef97c7622c459b2137a9,d9de322a3fcdc18ff29b4406fd620205,e8ff5373633411e525c55cc2e0b9a804,eff0d1e6b60c64b55471300e3e720d4c,ffe5faf6443e7a344a0750827f7c65c8'
 'd9de322a3fcdc18ff29b4406fd620205,e8ff5373633411e525c55cc2e0b9a804,ffe5faf6443e7a344a0750827f7c65c8'
 'd9de322a3fcdc18ff29b4406fd620205,e8ff5373633411e525c55cc2e0b9a804'
 '027d7b5025667133971f6666863353fd,7648221213e53e2e6750baebfdbe33d9,d9de322a3fcdc18ff29b4406fd620205,eff0d1e6b60c64b55471300e3e720d4c'
 '027d7b5025667133971f6666863353fd,eff0d1e6b60c64b55471300e3e720d4c,ffe5faf6443e7a344a0750827f7c65c8'
 'eff0d1e6b60c64b55471300e3e720d4c' '7648221213e53e2e6750baebfdbe33d9']"
"12","Community 12",1,"12","['8dbe8f9867e4448f998416c18923eac4' 'fe8ea8bf1395434393e04e8f7a33025f'
 '7d58b089bfc549e8951e91ad62541119' '1fa6d3118bd846c8837b5fa9fb78f262'
 '62c65bbae33c4ee9a21b61f6f454c4b4' 'e683130322ac47708a852a5e51abb7c5'
 'dab39f92d0ed468c80699f28c05c45fa' '8b57a9f43a1942a49b58cf881835f974'
 'fdcb1673254842f1935f53d0c38c467e']","['1437aec87cb0992578b65b1147734e1d,858eedcd000ef4713bdaec0ce8240203'
 '1437aec87cb0992578b65b1147734e1d,270fffd7af538ddc9b36416a31b4387d,858eedcd000ef4713bdaec0ce8240203,93d369d8234a83de63f768cc17cf8c34,c6ac40d721bae3b89af14c8a242c20c1,d33543a2b8137db4a253fd1aa152a427,d9e3d3e65f30b8ebac29cb9b6c03f50e,eda53fd892d3b71fc6d696991da14666,ee650c3349e9c45cb3b7d90948ccf3c8'
 '270fffd7af538ddc9b36416a31b4387d,69ebdc63af25394c5554e2d5ecb3bdb9'
 'c6ac40d721bae3b89af14c8a242c20c1']"
"13","Community 13",1,"13","['30b7034c4468473f98ee18d00ee73b33' '00f78b85e5b84999a810e311e540037b'
 '3e460d9f011d4b0b9ccaae7b6a5202de' '9d98dece22eb401aa1a5ce9c88c603f0'
 '79f4b1c1b2be4cf7aa828846e20a4eb6' '4920fda031804ce8a1073ace8e061ed6'
 'db1295504da645b69d9786d54f233fed' '31499ee6277a4d71b19cb5b6be554c69'
 '6ff4ed0dda4f4158af37be99f505565f' 'd99eabad5dfd47278692569d2a9395b1'
 '5d398b88ee4242a59c32feb188683ec3' '7d58b089bfc549e8951e91ad62541119'
 'd53f15cb7f7845de91cc44ad44ff9f6e' '0a784e00c9464bd3aeb830b908f73170'
 '1fa6d3118bd846c8837b5fa9fb78f262' '23becf8c6fca4f47a53ec4883d4bf63f'
 '99761e9b89cc4060be3ed6b34532e7ff']","['d33543a2b8137db4a253fd1aa152a427,eda53fd892d3b71fc6d696991da14666'
 'd33543a2b8137db4a253fd1aa152a427,d4fd4d0c862d571669267cbea8e94ab8,d9e3d3e65f30b8ebac29cb9b6c03f50e'
 'd33543a2b8137db4a253fd1aa152a427'
 'c6ac40d721bae3b89af14c8a242c20c1,d9e3d3e65f30b8ebac29cb9b6c03f50e']"
"22","Community 22",1,"22","['a0f326b9597b49dda6563e9208316117' 'bff3db70f9af4f2c87a93df48ecbb6bc'
 'bf91f36307cb43e1ab1e967cb3ba8274' 'cd58a8740ba54d86a77db9bb9544ef0d'
 'e96d3475d43b42a781b297ae7e650afe' '1ce76a5547854d458878bd445f0ccbd6'
 '11e4325f59394ff1bc89892f79288702' '71743537a07c440ea1710a269da8b538'
 '1389192ce5464be6b3b5749bc9536709' 'b349041c0be64c62b964ab1234e055e6'
 '969e1ea0b1e443a68e9a65dfef91d161' '8e09e7cfea7d405db8b22ae2f836ccb1'
 '490583524d394bf79289c5fe34f7dcf1' 'd7db38bb599c42cab7066f3fdd282282'
 'efd87a59d01e47c8adc02f63ef2c5c3e' '80e3ce3de41e4601823a333e22b7bb3f'
 '50eabc166e8944a49197e79c32f27597' 'aefde1f7617f4c0e9aed31db77f6d862'
 '09940fed9d154504948bba2df1789a50' 'aa2ec452728a4703ae1bdabe85b6c079'
 'eeb9c02c0efa4131b9e95d33c31019fc' '7e0d14ca308b4796bdc675a64bd3a36e'
 '47df2815030c4f1c99facd5cf2482526' '8fe58de8a04f4f8f807c77fb41829a3a'
 '4084f614af494fa8ab73095fb5b6b07b']","['4eb88e28e8dc360b463722c873636590,974c4b58aae7619860c9bc0cd3613219,9fd8410d0a298646c2b6ab4f55237e50,d9de322a3fcdc18ff29b4406fd620205,ffe5faf6443e7a344a0750827f7c65c8'
 '974c4b58aae7619860c9bc0cd3613219'
 '4eb88e28e8dc360b463722c873636590,9fd8410d0a298646c2b6ab4f55237e50'
 '4eb88e28e8dc360b463722c873636590' 'd9de322a3fcdc18ff29b4406fd620205'
 'ffe5faf6443e7a344a0750827f7c65c8']"
"21","Community 21",1,"21","['5197a3fb02ef4677abd1900aa87e4efa' '887f444240bb474da23cdfb6abf7a998'
 '5d29053f2ce74442aa1855b327ef3bb7' '7e40cd12839a4577a95e33d785147a31'
 '8fe58de8a04f4f8f807c77fb41829a3a' 'a9f50861273c4bb697d868a9d049d392'
 'be4820f29fd942b282049fa49697b4ed' '6deaefe707f84b3dbda979dea0d095ac'
 'd053ea9432a24fb192e8d6aa993b0caa' 'a3e683d294ed42a28d60d09a36cbeb54'
 '39887ca8567141d5b857b87a2bca4086' '8df8563ab0394ee9a91b89dea7d59404'
 '12398f70065143839d812fd42ac4b2e7' 'b823ba1bfe944fa9887edd8faf8a5f17'
 'd0bfb473fdc64643954cdb4675e2f389' 'ad52ba79a84748a49067e53b1d5095f9'
 '2b916117691c4872a9c4e4888d4fe4ab' 'a1773cac7d4c4939aec965660e5015fe'
 '058f66cc356b43cc9433bd3c8d57fa46' '4d6608557eed49368a6d09c7c5c664c5'
 'c5ddb31e0a9c4b2683e4631283dd505b' 'bff3db70f9af4f2c87a93df48ecbb6bc'
 '7b2472c5dd9949c58828413387b94659' '6a054cb59fb44cf494b93988b5f88833'
 'ff74091eaba246698fcae59c21eec828' '07d8eeb549044ac88d2e788c146a0ef1'
 '11e4325f59394ff1bc89892f79288702' '74d43d20f251441baf8e3db64fedca43'
 '8323efc8e539419e9ca3c98e758f6609' '47f6d6573cf34e1096c95e36251dd60c'
 '2fbd74d5ccca4be99c5257b3ac95cfba' 'a2b1621a3e424ae29a6a73f00edbeca3'
 'ec45e1c400654c4f875046926486ded7' '6315b4bf135c40358823ed7e4e4060e2']","['2938825be3acef4e48f6a3974fd79411,4eb88e28e8dc360b463722c873636590,4fcfb80986f58dc6460db6413dd5bb73,525389164d86035a6bb1eceda2baec21,767cca0d66e9a7fb3977a9e42feae18f,974c4b58aae7619860c9bc0cd3613219,b932b1e94a8b6740ac97cda72e5d7e2c,d9de322a3fcdc18ff29b4406fd620205,e8ff5373633411e525c55cc2e0b9a804,ffe5faf6443e7a344a0750827f7c65c8'
 '2938825be3acef4e48f6a3974fd79411,4eb88e28e8dc360b463722c873636590,4fcfb80986f58dc6460db6413dd5bb73,525389164d86035a6bb1eceda2baec21,767cca0d66e9a7fb3977a9e42feae18f,9fd8410d0a298646c2b6ab4f55237e50,b932b1e94a8b6740ac97cda72e5d7e2c,e8ff5373633411e525c55cc2e0b9a804,ffe5faf6443e7a344a0750827f7c65c8'
 '4fcfb80986f58dc6460db6413dd5bb73' '767cca0d66e9a7fb3977a9e42feae18f']"
"23","Community 23",1,"23","['74d43d20f251441baf8e3db64fedca43' '1b7a22f76f7741e8b140bdc3d8856d76'
 'a4db1b2a9c3e4d2d838725f8166c36b4' '8dae140578c841ae9373cbc607c4a6e6'
 'b215cc33cf40434f87f284ff8f3506a4' 'c1ff9d8e1b8745d6860c34ce26122d79'
 '9d1e6ca9ae8e4e068fb74631a633b20b' '289616058bf4495887292003b27ba216'
 '71743537a07c440ea1710a269da8b538' 'bc70fee2061541148833d19e86f225b3'
 '969e1ea0b1e443a68e9a65dfef91d161' 'd0bfb473fdc64643954cdb4675e2f389'
 '0fc15cc3b44c4142a770feb4c037a6f7' '8e09e7cfea7d405db8b22ae2f836ccb1'
 'bdddcb17ba6c408599dd395ce64f960a' 'e7b103a52e384e3e8bf14105223e7e82'
 'f6cbbf1b8f4b48a28a16e4dd8976b9bb' 'ae521508bdc244f99c4fce4ab5214c79'
 'b349041c0be64c62b964ab1234e055e6' 'a9f50861273c4bb697d868a9d049d392'
 'b823ba1bfe944fa9887edd8faf8a5f17']","['4eb88e28e8dc360b463722c873636590,9fd8410d0a298646c2b6ab4f55237e50'
 '2938825be3acef4e48f6a3974fd79411,9fd8410d0a298646c2b6ab4f55237e50'
 '9fd8410d0a298646c2b6ab4f55237e50']"
"8","Community 8",1,"8","['a2cb46c226b94831853a5d28c5d94b0a' 'd3511ecd27cd4166bdb39e757e275300'
 'de3b561f5cce4c83bccb39180e362c97' '5bfefaa0fce04002851733337bed714c'
 'b5fed5609f154df58c6a9f74e55fc0ba' '91ae5251eaab4c08afe6cd4cbefcaa6b'
 'bbdd53a15e99452a9deff05d1de2d965' '532bf54d5a924ff48aee254970efb914'
 '2489232bd2bb492babe00617e7290282' 'd2ed972353af4d1db74702638bfdbb58'
 '575befc8d64c47eb95af8b1096e02963' 'd6e6366617e04b0ba6732fd1d2d76429'
 'b4c4354c8edb40db984942799fe0c8b1' '170507a64973429f818067b80506d428'
 'fd9b298e6aea4685bbb2064b05fcda79' 'eeecb159cc8a4c8989f8da0f3df09f2a'
 '70f22b1d7336492dbade94b8edefe457' '66e098dc431146e19fc4bc2ea37efbd9'
 '932e213c57134098a07073febd51dcc2' '9593428ad36746ae8af6d8ce639834ef'
 '1bcaeb58479d42a6963a073c09f3f397' '1ef0c1c59ce946668ccf1a6a4f5ab7cc'
 'd734746e3d6146f780af91827e578dfd' '21ed913271614cbeb1b754cdbbef13af'
 '1505dfebbfb04652b0ba57de1a251d67' '4bc7dc91ede345dfb63d7d4f7ac3554f'
 '0dddcca0e5df4b16bc03a51a2d2d8e16' '757ca40654d5476aa949a26b733be8d4'
 '43c68f9a86654a32a2215e23957ed184' 'b7cd9a62710849778fdadced0d754687'
 'b609f1939dae4c7383c7d199bb3c7dc3' '58a8fa7f29e347bdb9689b70b065a779'
 'b4e4fa2e3dfc46e68d532d659b18d17d' 'feb9ddd0ac2949178f26a36949aa5422'
 '907ec65076e5494a8631efffb81b3178' 'fe98fb197d294b0b837aee8d5a98dfb1'
 'f58813d090b947a48c1b4614b92c3ec3' '93e1d19f9bfa4c6b8962d56d10ea9483'
 'aeee2f443dfb4e3ea80af6ae1d9197ce' 'c5f77ba0c261408780db3d50346f16b7'
 'fd31d549420744d1bd1a6b1112a9a6ba']","['027d7b5025667133971f6666863353fd,04025c260b3a737ebba61e7f9b20ea49,339c80c45879b81d470b2aeba937bad3,7648221213e53e2e6750baebfdbe33d9,9b1d6b4291704830afc9c739e2791a7a,b99a3823a6e496f69fbc0331e47e66f8,d4fd4d0c862d571669267cbea8e94ab8,eff0d1e6b60c64b55471300e3e720d4c'
 '027d7b5025667133971f6666863353fd,04025c260b3a737ebba61e7f9b20ea49,339c80c45879b81d470b2aeba937bad3,9b1d6b4291704830afc9c739e2791a7a,eff0d1e6b60c64b55471300e3e720d4c'
 '04025c260b3a737ebba61e7f9b20ea49' '9b1d6b4291704830afc9c739e2791a7a'
 '04025c260b3a737ebba61e7f9b20ea49,9b1d6b4291704830afc9c739e2791a7a,eff0d1e6b60c64b55471300e3e720d4c'
 '027d7b5025667133971f6666863353fd,9b1d6b4291704830afc9c739e2791a7a'
 '027d7b5025667133971f6666863353fd,339c80c45879b81d470b2aeba937bad3,b99a3823a6e496f69fbc0331e47e66f8,d4fd4d0c862d571669267cbea8e94ab8'
 '027d7b5025667133971f6666863353fd' '7648221213e53e2e6750baebfdbe33d9'
 '339c80c45879b81d470b2aeba937bad3' 'd4fd4d0c862d571669267cbea8e94ab8'
 'b99a3823a6e496f69fbc0331e47e66f8']"
"28","Community 28",2,"28","['0a799eab61bc4e6b884db6689f9c2c4a' 'c6f428af0c5e4f629902fd5455bf19ac'
 'd1fd271d16c348019c2fcced762b35a2' 'ffa128c9c0c84d39bad1bba8cfa4adc5'
 '058f66cc356b43cc9433bd3c8d57fa46' 'ff74091eaba246698fcae59c21eec828'
 'f6cbbf1b8f4b48a28a16e4dd8976b9bb' '757ca40654d5476aa949a26b733be8d4'
 'de04830d6e414fd5b39a9e90769d9452' '69db426b97714835bf4937180774787a'
 '9c7bc862339d4a5bb21ee5154d9b33bb' '17bad53a0ebe4569839e5e151ff78593'
 '53d98f08e7c74158b7318357b6c660b3' 'cd601f77419c403889aadeee591915b5'
 '0f564ebd53e940fba9d16674ac7bc038' '7deb75816e4f473480e0c79ae99b5bf4'
 '7f85b181f1184f77aeb3ea2155cf4027' 'd148b2b2033048618f1a090a492a40a5'
 '4d839a10353e4144a26563b0966721d5' '521a862bb196488389f17c0b0f4b6f4d'
 '22ea3328fb6343f4ad2862495ea27640' '3f9a2a2c1c0a424e8b4980ea9d48bdbe'
 'aa2ec452728a4703ae1bdabe85b6c079' 'c5ddb31e0a9c4b2683e4631283dd505b'
 '07d8eeb549044ac88d2e788c146a0ef1' '47df2815030c4f1c99facd5cf2482526'
 'ae521508bdc244f99c4fce4ab5214c79' '6315b4bf135c40358823ed7e4e4060e2'
 '33905debec1a45ecae1c65daac1d854c' 'bfbe904780fe47daad1a04126b12923c'
 '0614f00e932c4cd0b53928053811ebc1' '9ef487dd0b574b108c60a56d6a2f146c'
 '4067269e7f6943cdbc299ce02b7eadbd' 'd59b49eb94ce442d89907e90c5d3a44e'
 '5b71ee73a5b6484495b2a0a75219426c' 'e8868920e21b4431aad16e86db977ecb'
 '392be891f8b649fabdc20e7bf549f669' 'de25d06733d04385825ee082792f5e52'
 '3f1042452c254cecaf7189e89162adc8' 'd9779c41e3c74fe0b26e23822a4b995b'
 '1f7b02bf486e4f42b23e9cb1a63207f3' '4d8890c699684c9381105b03b0b41b03'
 '71f95003936e46a98d90757ffd845d40' '81446ea789b24eaf9eab02dc07c3d984'
 'bd43f3d439a54781bd4b721a9a269b92' '563c2af32bb3476299e9b24a646097ab'
 '225105a7be14447cb03186bd40756059' 'b1658adfa43847eabad1437db235e858'
 'efce8a9d61254447a26aee99e53f0398' '4a75a9f0b18a48bea9c0601c0fc395c4'
 'f2c06f3a0c704296bf3353b91ee8af47' '1c5e296a5ac541c1b5cac4357537c22d'
 '718c507cb8ac49e6a35c251ac951b5ca' 'd4602d4a27b34358baa86814a3836d68']","['19ed1f909ae57e0ac4e8d54d19c03ece,8f001bda5d1b397037710ce3eb8434b1'
 '04025c260b3a737ebba61e7f9b20ea49,2938825be3acef4e48f6a3974fd79411,44ac681cd93e3e38548ea7f0179f021e,525389164d86035a6bb1eceda2baec21,745bfd7a954ca85cae41f49356ddb953,767cca0d66e9a7fb3977a9e42feae18f,7f244d6708a31d7f4ed5dd1a7172b914,a42464015535b8ea31fc1148700af077,a4561340fd687ff253d0e96501e2b473,b1d319e2d84fe356bed282bd61947b5b,b3ac2c78182b715dfd889b1cd8fbeed0,d33543a2b8137db4a253fd1aa152a427,ee650c3349e9c45cb3b7d90948ccf3c8'
 '00c1dcf4a73ec87361bbad662f2cea7d,1b14ef8cb8f0c21aee065c204aff83e8,2938825be3acef4e48f6a3974fd79411,44ac681cd93e3e38548ea7f0179f021e,4eb88e28e8dc360b463722c873636590,4fcfb80986f58dc6460db6413dd5bb73,57eadb894e9bd9d59d93c19ab0613bf6,59e8844135d3a8506b3a141246fdca88,5a970563a73deeb556be44feb1f2b00f,5e1c302445bd27302c342e6dd69cdb91,7343c1b88dff669bbbdbe95e94bf4599,745bfd7a954ca85cae41f49356ddb953,767cca0d66e9a7fb3977a9e42feae18f,7996f816269e5a2a3f5a5b4ca44275dd,7f244d6708a31d7f4ed5dd1a7172b914,8f001bda5d1b397037710ce3eb8434b1,9283062d20f16f4de6c6633578638656,974c4b58aae7619860c9bc0cd3613219,9f970a3e216e418ba7dfc69c0f0e1f21,a90cc10f1c48d1937059a7a6034a22a6,b1d319e2d84fe356bed282bd61947b5b,bcb6e491544d4860573bc5d734aedc8c,df968871b0b4c1be253e4e27f974bc3c,e069670214e07bcddb9dfe21b4f0e8a2,f502b11205c8a44ec453a2a357bd116e,f61d96b9f14743bfd3f6deebdd54aeef,fc1c81914b69024d184c652f9e12e343,ffe5faf6443e7a344a0750827f7c65c8'
 '00c1dcf4a73ec87361bbad662f2cea7d,7f244d6708a31d7f4ed5dd1a7172b914'
 'a90cc10f1c48d1937059a7a6034a22a6' '745bfd7a954ca85cae41f49356ddb953'
 '5a970563a73deeb556be44feb1f2b00f,9f970a3e216e418ba7dfc69c0f0e1f21'
 'fc1c81914b69024d184c652f9e12e343' '767cca0d66e9a7fb3977a9e42feae18f'
 'bcb6e491544d4860573bc5d734aedc8c' '8f001bda5d1b397037710ce3eb8434b1']"
"26","Community 26",2,"26","['bac51e00d486420c8e91e824d8e17411' '4adee3aad6524a4aa4c4711c1ee05e64'
 'd034e4fd8ac849278e658daad1a1f033' '091e998370dd42d1b05ab0fcf6595a7e'
 '1e6cabc18fab4c048281fd29d3044438' 'dc08f6d7398b4b798a3bdccf508a2ad4'
 '1c7fd5af8d8041e186eae2431fc627cd' 'b16eda56dcec40f2b3e109fb9246bee3'
 '43c68f9a86654a32a2215e23957ed184' '1ba06fe2e86140a59bbc4f4e969d0f71'
 '563c2af32bb3476299e9b24a646097ab' '1c16b22e18d3483b8d41b284754274e2'
 'c27966a4e3be434686454204ac7b3ab4' 'd0ffa3bcd1234258953ff4956d19f561'
 '8130a1a82bde46048952cf147690e630']","['027d7b5025667133971f6666863353fd,04025c260b3a737ebba61e7f9b20ea49,a90cc10f1c48d1937059a7a6034a22a6,b0786d2e6f6cef97c7622c459b2137a9'
 'b0786d2e6f6cef97c7622c459b2137a9,d9e3d3e65f30b8ebac29cb9b6c03f50e'
 'a90cc10f1c48d1937059a7a6034a22a6' 'b0786d2e6f6cef97c7622c459b2137a9']"
"27","Community 27",2,"27","['c1b40a4039b44061a358e098867f7412' '4643a7a319674adfb732b6f6122c7c64'
 '8b57a9f43a1942a49b58cf881835f974' 'f78b01b0d93948c283644ec58f7be74a'
 'dc08f6d7398b4b798a3bdccf508a2ad4' '091e998370dd42d1b05ab0fcf6595a7e'
 '36caa0a230c8422c8acb4dc62e35bb32' 'fe18353546824ca98294ce4be7b96e02']","['b0786d2e6f6cef97c7622c459b2137a9'
 '858eedcd000ef4713bdaec0ce8240203,b0786d2e6f6cef97c7622c459b2137a9'
 '858eedcd000ef4713bdaec0ce8240203,ffe5faf6443e7a344a0750827f7c65c8'
 '858eedcd000ef4713bdaec0ce8240203']"
"29","Community 29",2,"29","['094a736ba43c4da48c556437f47f88d1' '80a04aa18cd649d584292f23b10c0727'
 'de04830d6e414fd5b39a9e90769d9452']",['1b14ef8cb8f0c21aee065c204aff83e8']
"30","Community 30",2,"30","['fae3fe31deb141ab93143ac411f1eaaa' '047cd93e9d704c7d8dadb6e79f9458df'
 'bfbe904780fe47daad1a04126b12923c']",['bcb6e491544d4860573bc5d734aedc8c']
"24","Community 24",2,"24","['a2cb46c226b94831853a5d28c5d94b0a' 'd3511ecd27cd4166bdb39e757e275300'
 'de3b561f5cce4c83bccb39180e362c97' '5bfefaa0fce04002851733337bed714c'
 'b5fed5609f154df58c6a9f74e55fc0ba' '91ae5251eaab4c08afe6cd4cbefcaa6b'
 'bbdd53a15e99452a9deff05d1de2d965' '532bf54d5a924ff48aee254970efb914'
 '2489232bd2bb492babe00617e7290282' 'd2ed972353af4d1db74702638bfdbb58'
 '575befc8d64c47eb95af8b1096e02963' 'd6e6366617e04b0ba6732fd1d2d76429'
 'b4c4354c8edb40db984942799fe0c8b1' '170507a64973429f818067b80506d428'
 'fd9b298e6aea4685bbb2064b05fcda79' 'eeecb159cc8a4c8989f8da0f3df09f2a'
 '70f22b1d7336492dbade94b8edefe457' '66e098dc431146e19fc4bc2ea37efbd9'
 '932e213c57134098a07073febd51dcc2' '9593428ad36746ae8af6d8ce639834ef'
 '1bcaeb58479d42a6963a073c09f3f397' '1ef0c1c59ce946668ccf1a6a4f5ab7cc'
 'd734746e3d6146f780af91827e578dfd' '4bc7dc91ede345dfb63d7d4f7ac3554f'
 '0dddcca0e5df4b16bc03a51a2d2d8e16' '757ca40654d5476aa949a26b733be8d4'
 '43c68f9a86654a32a2215e23957ed184' 'b7cd9a62710849778fdadced0d754687'
 'b609f1939dae4c7383c7d199bb3c7dc3' '58a8fa7f29e347bdb9689b70b065a779'
 'b4e4fa2e3dfc46e68d532d659b18d17d' 'feb9ddd0ac2949178f26a36949aa5422'
 'fe98fb197d294b0b837aee8d5a98dfb1' 'f58813d090b947a48c1b4614b92c3ec3'
 '93e1d19f9bfa4c6b8962d56d10ea9483' 'aeee2f443dfb4e3ea80af6ae1d9197ce'
 'c5f77ba0c261408780db3d50346f16b7' 'fd31d549420744d1bd1a6b1112a9a6ba']","['027d7b5025667133971f6666863353fd,04025c260b3a737ebba61e7f9b20ea49,339c80c45879b81d470b2aeba937bad3,7648221213e53e2e6750baebfdbe33d9,9b1d6b4291704830afc9c739e2791a7a,b99a3823a6e496f69fbc0331e47e66f8,d4fd4d0c862d571669267cbea8e94ab8,eff0d1e6b60c64b55471300e3e720d4c'
 '027d7b5025667133971f6666863353fd,04025c260b3a737ebba61e7f9b20ea49,339c80c45879b81d470b2aeba937bad3,9b1d6b4291704830afc9c739e2791a7a,eff0d1e6b60c64b55471300e3e720d4c'
 '9b1d6b4291704830afc9c739e2791a7a'
 '04025c260b3a737ebba61e7f9b20ea49,9b1d6b4291704830afc9c739e2791a7a,eff0d1e6b60c64b55471300e3e720d4c'
 '027d7b5025667133971f6666863353fd,9b1d6b4291704830afc9c739e2791a7a'
 '027d7b5025667133971f6666863353fd,339c80c45879b81d470b2aeba937bad3,b99a3823a6e496f69fbc0331e47e66f8,d4fd4d0c862d571669267cbea8e94ab8'
 '027d7b5025667133971f6666863353fd' '7648221213e53e2e6750baebfdbe33d9'
 '339c80c45879b81d470b2aeba937bad3' 'd4fd4d0c862d571669267cbea8e94ab8'
 'b99a3823a6e496f69fbc0331e47e66f8']"
"25","Community 25",2,"25","['21ed913271614cbeb1b754cdbbef13af' '1505dfebbfb04652b0ba57de1a251d67'
 'de3b561f5cce4c83bccb39180e362c97' 'b5fed5609f154df58c6a9f74e55fc0ba'
 '907ec65076e5494a8631efffb81b3178' '91ae5251eaab4c08afe6cd4cbefcaa6b']",['04025c260b3a737ebba61e7f9b20ea49']
